pair_id,search_path,reference_path
p001,search/p001.png,reference/p001.png
p002,search/p002.png,reference/p002.png
p003,search/p003.png,reference/p003.png
p004,search/p004.png,reference/p004.png
p005,search/p005.png,reference/p005.png
p006,search/p006.png,reference/p006.png
p007,search/p007.png,reference/p007.png
p008,search/p008.png,reference/p008.png
p009,search/p009.png,reference/p009.png
p010,search/p010.png,reference/p010.png
p011,search/p011.png,reference/p011.png
p012,search/p012.png,reference/p012.png
p013,search/p013.png,reference/p013.png
p014,search/p014.png,reference/p014.png
p015,search/p015.png,reference/p015.png
p016,search/p016.png,reference/p016.png
p017,search/p017.png,reference/p017.png
p018,search/p018.png,reference/p018.png
p019,search/p019.png,reference/p019.png
p020,search/p020.png,reference/p020.png
p021,search/p021.png,reference/p021.png
p022,search/p022.png,reference/p022.png
p023,search/p023.png,reference/p023.png
p024,search/p024.png,reference/p024.png
p025,search/p025.png,reference/p025.png
p026,search/p026.png,reference/p026.png
p027,search/p027.png,reference/p027.png
p028,search/p028.png,reference/p028.png
p029,search/p029.png,reference/p029.png
p030,search/p030.png,reference/p030.png
p031,search/p031.png,reference/p031.png
p032,search/p032.png,reference/p032.png
p033,search/p033.png,reference/p033.png
p034,search/p034.png,reference/p034.png
p035,search/p035.png,reference/p035.png
p036,search/p036.png,reference/p036.png
p037,search/p037.png,reference/p037.png
p038,search/p038.png,reference/p038.png
p039,search/p039.png,reference/p039.png
p040,search/p040.png,reference/p040.png
p041,search/p041.png,reference/p041.png
p042,search/p042.png,reference/p042.png
p043,search/p043.png,reference/p043.png
p044,search/p044.png,reference/p044.png
p045,search/p045.png,reference/p045.png
p046,search/p046.png,reference/p046.png
p047,search/p047.png,reference/p047.png
p048,search/p048.png,reference/p048.png
p049,search/p049.png,reference/p049.png
p050,search/p050.png,reference/p050.png
p051,search/p051.png,reference/p051.png
p052,search/p052.png,reference/p052.png
p053,search/p053.png,reference/p053.png
p054,search/p054.png,reference/p054.png
p055,search/p055.png,reference/p055.png
p056,search/p056.png,reference/p056.png
p057,search/p057.png,reference/p057.png
p058,search/p058.png,reference/p058.png
p059,search/p059.png,reference/p059.png
p060,search/p060.png,reference/p060.png
p061,search/p061.png,reference/p061.png
p062,search/p062.png,reference/p062.png
p063,search/p063.png,reference/p063.png
p064,search/p064.png,reference/p064.png
p065,search/p065.png,reference/p065.png
p066,search/p066.png,reference/p066.png
p067,search/p067.png,reference/p067.png
p068,search/p068.png,reference/p068.png
p069,search/p069.png,reference/p069.png
p070,search/p070.png,reference/p070.png
p071,search/p071.png,reference/p071.png
p072,search/p072.png,reference/p072.png
p073,search/p073.png,reference/p073.png
p074,search/p074.png,reference/p074.png
p075,search/p075.png,reference/p075.png
p076,search/p076.png,reference/p076.png
p077,search/p077.png,reference/p077.png
p078,search/p078.png,reference/p078.png
p079,search/p079.png,reference/p079.png
p080,search/p080.png,reference/p080.png
p081,search/p081.png,reference/p081.png
p082,search/p082.png,reference/p082.png
p083,search/p083.png,reference/p083.png
p084,search/p084.png,reference/p084.png
p085,search/p085.png,reference/p085.png
p086,search/p086.png,reference/p086.png
p087,search/p087.png,reference/p087.png
p088,search/p088.png,reference/p088.png
p089,search/p089.png,reference/p089.png
p090,search/p090.png,reference/p090.png
p091,search/p091.png,reference/p091.png
p092,search/p092.png,reference/p092.png
p093,search/p093.png,reference/p093.png
p094,search/p094.png,reference/p094.png
p095,search/p095.png,reference/p095.png
p096,search/p096.png,reference/p096.png
p097,search/p097.png,reference/p097.png
p098,search/p098.png,reference/p098.png
p099,search/p099.png,reference/p099.png
p100,search/p100.png,reference/p100.png
p101,search/p101.png,reference/p101.png
p102,search/p102.png,reference/p102.png
p103,search/p103.png,reference/p103.png
p104,search/p104.png,reference/p104.png
p105,search/p105.png,reference/p105.png
p106,search/p106.png,reference/p106.png
p107,search/p107.png,reference/p107.png
p108,search/p108.png,reference/p108.png
p109,search/p109.png,reference/p109.png
p110,search/p110.png,reference/p110.png
p111,search/p111.png,reference/p111.png
p112,search/p112.png,reference/p112.png
p113,search/p113.png,reference/p113.png
p114,search/p114.png,reference/p114.png
p115,search/p115.png,reference/p115.png
p116,search/p116.png,reference/p116.png
p117,search/p117.png,reference/p117.png
p118,search/p118.png,reference/p118.png
p119,search/p119.png,reference/p119.png
p120,search/p120.png,reference/p120.png
p121,search/p121.png,reference/p121.png
p122,search/p122.png,reference/p122.png
p123,search/p123.png,reference/p123.png
p124,search/p124.png,reference/p124.png
p125,search/p125.png,reference/p125.png
p126,search/p126.png,reference/p126.png
p127,search/p127.png,reference/p127.png
p128,search/p128.png,reference/p128.png
p129,search/p129.png,reference/p129.png
p130,search/p130.png,reference/p130.png
p131,search/p131.png,reference/p131.png
p132,search/p132.png,reference/p132.png
p133,search/p133.png,reference/p133.png
p134,search/p134.png,reference/p134.png
p135,search/p135.png,reference/p135.png
p136,search/p136.png,reference/p136.png
p137,search/p137.png,reference/p137.png
p138,search/p138.png,reference/p138.png
p139,search/p139.png,reference/p139.png
p140,search/p140.png,reference/p140.png
p141,search/p141.png,reference/p141.png
p142,search/p142.png,reference/p142.png
p143,search/p143.png,reference/p143.png
p144,search/p144.png,reference/p144.png
p145,search/p145.png,reference/p145.png
p146,search/p146.png,reference/p146.png
p147,search/p147.png,reference/p147.png
p148,search/p148.png,reference/p148.png
p149,search/p149.png,reference/p149.png
p150,search/p150.png,reference/p150.png
p151,search/p151.png,reference/p151.png
p152,search/p152.png,reference/p152.png
p153,search/p153.png,reference/p153.png
p154,search/p154.png,reference/p154.png
p155,search/p155.png,reference/p155.png
p156,search/p156.png,reference/p156.png
p157,search/p157.png,reference/p157.png
p158,search/p158.png,reference/p158.png
p159,search/p159.png,reference/p159.png
p160,search/p160.png,reference/p160.png
p161,search/p161.png,reference/p161.png
p162,search/p162.png,reference/p162.png
p163,search/p163.png,reference/p163.png
p164,search/p164.png,reference/p164.png
p165,search/p165.png,reference/p165.png
p166,search/p166.png,reference/p166.png
p167,search/p167.png,reference/p167.png
p168,search/p168.png,reference/p168.png
p169,search/p169.png,reference/p169.png
p170,search/p170.png,reference/p170.png
p171,search/p171.png,reference/p171.png
p172,search/p172.png,reference/p172.png
p173,search/p173.png,reference/p173.png
p174,search/p174.png,reference/p174.png
p175,search/p175.png,reference/p175.png
p176,search/p176.png,reference/p176.png
p177,search/p177.png,reference/p177.png
p178,search/p178.png,reference/p178.png
p179,search/p179.png,reference/p179.png
p180,search/p180.png,reference/p180.png
p181,search/p181.png,reference/p181.png
p182,search/p182.png,reference/p182.png
p183,search/p183.png,reference/p183.png
p184,search/p184.png,reference/p184.png
p185,search/p185.png,reference/p185.png
p186,search/p186.png,reference/p186.png
p187,search/p187.png,reference/p187.png
p188,search/p188.png,reference/p188.png
p189,search/p189.png,reference/p189.png
p190,search/p190.png,reference/p190.png
p191,search/p191.png,reference/p191.png
p192,search/p192.png,reference/p192.png
p193,search/p193.png,reference/p193.png
p194,search/p194.png,reference/p194.png
p195,search/p195.png,reference/p195.png
p196,search/p196.png,reference/p196.png
p197,search/p197.png,reference/p197.png
p198,search/p198.png,reference/p198.png
p199,search/p199.png,reference/p199.png
p200,search/p200.png,reference/p200.png
