pair_id,set,gen_id,gt_found,pred_found,gt_x,gt_y,pred_x,pred_y,loc_err,gt_scale,pred_scale,scale_err,gt_theta,pred_theta,theta_err,pred_score,runtime_ms
pair_001,Set A,gen_001,1,1,656.0,366.0,657.3,366.3,1.33,8.925,9.0,0.07,-0.385,-1.0,0.61,0.9989,683.44
pair_002,Set A,gen_002,1,1,686.0,352.0,687.3,353.3,1.84,9.875,9.75,0.12,4.21,4.0,0.21,0.9989,651.96
pair_003,Set A,gen_003,1,1,471.0,528.0,470.81,528.63,0.66,10.763,10.75,0.01,-0.273,0.0,0.27,0.9982,649.21
pair_004,Set A,gen_004,1,1,376.0,667.0,375.39,666.7,0.68,10.576,10.75,0.17,-0.673,-1.0,0.33,0.9972,731.33
pair_005,Set A,gen_005,1,1,461.0,464.0,411.71,264.8,205.21,11.667,10.0,1.67,-4.742,0.0,4.74,0.9986,678.54
pair_006,Set A,gen_006,1,1,328.0,710.0,428.8,360.8,363.46,8.851,10.0,1.15,0.804,0.0,0.8,0.9987,713.65
pair_007,Set A,gen_007,1,1,501.0,458.0,501.39,457.43,0.69,11.655,11.75,0.1,-1.253,-1.0,0.25,0.9956,650.0
pair_008,Set A,gen_008,1,1,373.0,619.0,372.2,620.12,1.38,10.105,10.25,0.14,-4.475,-4.0,0.47,0.9952,706.35
pair_009,Set A,gen_009,1,1,443.0,487.0,283.8,327.8,225.14,11.142,10.0,1.14,3.669,0.0,3.67,0.9991,666.43
pair_010,Set A,gen_010,1,1,454.0,550.0,453.2,549.2,1.13,10.236,10.25,0.01,1.803,1.5,0.3,0.9984,676.66
pair_011,Set A,gen_011,1,1,503.0,469.0,337.65,633.2,233.03,9.137,10.0,0.86,-4.612,0.0,4.61,0.999,679.26
pair_012,Set A,gen_012,1,1,498.0,310.0,332.2,309.2,165.8,9.951,10.0,0.05,-1.617,0.0,1.62,0.9991,651.67
pair_013,Set A,gen_013,1,1,479.0,703.0,193.2,418.69,403.13,9.051,10.0,0.95,3.818,0.0,3.82,0.999,697.82
pair_014,Set A,gen_014,1,1,339.0,525.0,433.2,430.66,133.32,9.599,10.0,0.4,3.055,0.0,3.06,0.999,649.81
pair_015,Set A,gen_015,1,1,501.0,375.0,311.46,470.8,212.37,9.086,10.0,0.91,-3.699,0.0,3.7,0.9991,679.82
pair_016,Set A,gen_016,1,1,314.0,496.0,694.42,686.8,425.59,9.583,10.0,0.42,-3.474,0.0,3.47,0.9991,669.55
pair_017,Set A,gen_017,1,1,475.0,303.0,475.61,304.3,1.44,9.732,9.75,0.02,-4.517,-4.0,0.52,0.99,667.56
pair_018,Set A,gen_018,1,1,489.0,517.0,488.71,516.7,0.42,11.437,11.75,0.31,-4.138,-4.0,0.14,0.9916,598.3
pair_019,Set A,gen_019,1,1,453.0,515.0,453.3,516.3,1.33,10.857,11.0,0.14,0.7,1.0,0.3,0.9936,644.55
pair_020,Set A,gen_020,1,1,479.0,331.0,478.7,329.7,1.33,8.081,8.0,0.08,-1.047,-1.0,0.05,0.9914,665.64
pair_021,Set A,gen_021,1,1,479.0,482.0,479.8,481.48,0.95,9.068,9.25,0.18,0.115,0.0,0.12,0.9908,737.21
pair_022,Set A,gen_022,1,1,534.0,323.0,534.8,324.8,1.97,10.146,10.25,0.1,3.758,3.5,0.26,0.9977,655.27
pair_023,Set A,gen_023,1,1,513.0,482.0,512.41,482.03,0.59,8.637,8.75,0.11,3.763,3.5,0.26,0.9921,700.41
pair_024,Set A,gen_024,1,1,473.0,324.0,473.15,323.47,0.55,11.979,12.0,0.02,0.983,1.0,0.02,0.9899,571.79
pair_025,Set A,gen_025,1,1,484.0,537.0,482.7,536.7,1.33,9.678,9.75,0.07,-4.305,-4.0,0.3,0.9986,681.13
pair_026,Set A,gen_026,1,1,526.0,293.0,527.3,292.7,1.33,8.955,9.0,0.04,-0.249,0.0,0.25,0.9985,715.57
pair_027,Set A,gen_027,1,1,487.0,490.0,487.0,169.2,320.8,10.295,10.0,0.29,4.625,0.0,4.62,0.9982,644.09
pair_028,Set A,gen_028,1,1,515.0,292.0,515.8,291.46,0.97,8.782,8.75,0.03,-3.325,-3.5,0.17,0.9793,665.58
pair_029,Set A,gen_029,1,1,510.0,535.0,230.8,390.7,314.29,10.895,10.0,0.89,4.519,0.0,4.52,0.9982,575.85
pair_030,Set A,gen_030,1,1,492.0,349.0,127.2,637.8,465.28,10.402,10.0,0.4,-4.182,0.0,4.18,0.9972,617.1
pair_031,Set A,gen_031,1,1,521.0,537.0,521.8,536.59,0.9,9.782,10.0,0.22,0.506,1.0,0.49,0.9984,689.45
pair_032,Set A,gen_032,1,1,471.0,318.0,471.25,317.7,0.39,8.236,8.25,0.01,3.636,3.5,0.14,0.9902,619.83
pair_033,Set A,gen_033,1,1,467.0,481.0,466.29,482.19,1.39,8.364,8.25,0.11,-1.137,-1.5,0.36,0.9973,630.3
pair_034,Set A,gen_034,1,1,473.0,335.0,472.7,335.3,0.42,11.1,11.25,0.15,-3.576,-3.5,0.08,0.9987,584.2
pair_035,Set A,gen_035,1,1,532.0,509.0,505.48,67.8,442.0,9.174,10.0,0.83,-1.932,0.0,1.93,0.999,682.61
pair_036,Set A,gen_036,1,1,495.0,303.0,495.29,303.8,0.85,10.213,10.25,0.04,3.337,3.5,0.16,0.999,670.25
pair_037,Set A,gen_037,1,1,507.0,471.0,506.7,470.7,0.42,11.979,12.0,0.02,4.163,4.0,0.16,0.9986,633.59
pair_038,Set A,gen_038,1,1,462.0,330.0,460.7,331.3,1.84,11.59,11.75,0.16,4.42,4.0,0.42,0.9984,644.34
pair_039,Set A,gen_039,1,1,482.0,475.0,483.3,474.18,1.54,11.908,12.0,0.09,1.761,1.5,0.26,0.996,625.49
pair_040,Set A,gen_040,1,1,535.0,311.0,534.97,310.08,0.92,9.156,9.25,0.09,2.194,2.5,0.31,0.998,698.24
pair_041,Set A,gen_041,1,1,462.0,496.0,318.8,783.98,321.62,10.629,10.0,0.63,3.476,0.0,3.48,0.9821,653.35
pair_042,Set A,gen_042,1,1,486.0,305.0,449.2,737.8,434.36,10.398,10.0,0.4,3.742,0.0,3.74,0.9933,658.0
pair_043,Set A,gen_043,1,1,537.0,494.0,681.23,62.8,454.68,11.632,10.0,1.63,-3.66,0.0,3.66,0.9968,592.47
pair_044,Set A,gen_044,1,1,464.0,307.0,462.7,307.35,1.35,9.008,9.0,0.01,-1.395,-1.5,0.1,0.998,693.66
pair_045,Set A,gen_045,1,1,517.0,524.0,516.2,523.25,1.1,9.838,10.0,0.16,2.503,2.5,0.0,0.9986,697.3
pair_046,Set A,gen_046,1,1,517.0,325.0,516.7,324.7,0.42,11.038,11.0,0.04,-0.877,-1.0,0.12,0.9978,619.04
pair_047,Set A,gen_047,1,1,529.0,529.0,313.8,337.8,287.87,11.06,10.0,1.06,3.489,0.0,3.49,0.9988,594.88
pair_048,Set A,gen_048,1,1,494.0,287.0,493.2,286.2,1.13,10.243,10.25,0.01,4.507,4.0,0.51,0.9969,677.44
pair_049,Set A,gen_049,1,1,476.0,478.0,590.8,306.18,206.64,10.475,10.0,0.47,-4.142,0.0,4.14,0.9988,666.91
pair_050,Set A,gen_050,1,1,476.0,298.0,362.8,470.43,206.27,8.638,10.0,1.36,2.295,0.0,2.29,0.9988,748.69
pair_051,Set A,gen_051,1,1,475.0,479.0,330.2,310.83,221.92,10.459,10.0,0.46,1.336,0.0,1.34,0.9979,667.24
pair_052,Set A,gen_052,1,1,525.0,336.0,526.22,336.3,1.26,8.102,8.25,0.15,4.174,4.0,0.17,0.9903,678.55
pair_053,Set A,gen_053,1,1,538.0,461.0,633.83,268.98,214.6,8.601,10.0,1.4,-2.792,0.0,2.79,0.9986,674.88
pair_054,Set A,gen_054,1,1,466.0,336.0,81.96,335.2,384.04,8.214,10.0,1.79,-4.393,0.0,4.39,0.9988,631.4
pair_055,Set A,gen_055,1,1,526.0,479.0,283.2,451.8,244.32,9.311,10.0,0.69,1.258,0.0,1.26,0.9988,708.04
pair_056,Set A,gen_056,1,1,504.0,293.0,107.2,265.34,397.76,9.544,10.0,0.46,2.048,0.0,2.05,0.9988,669.02
pair_057,Set A,gen_057,1,1,481.0,468.0,481.8,307.96,160.04,10.072,10.0,0.07,-3.276,0.0,3.28,0.9989,674.49
pair_058,Set A,gen_058,1,1,536.0,345.0,535.23,728.96,383.96,11.497,10.0,1.5,0.789,0.0,0.79,0.9981,648.5
pair_059,Set A,gen_059,1,1,477.0,485.0,477.3,485.3,0.42,10.716,10.75,0.03,-4.157,-4.0,0.16,0.9974,667.17
pair_060,Set A,gen_060,1,1,512.0,327.0,512.26,326.2,0.84,9.265,9.25,0.02,4.843,5.0,0.16,0.9978,666.25
pair_061,Set A,gen_001,1,1,676.0,317.0,675.7,318.29,1.32,10.852,11.0,0.15,2.393,2.5,0.11,0.9989,631.47
pair_062,Set A,gen_002,1,1,687.0,369.0,686.7,367.7,1.33,11.051,11.25,0.2,3.903,4.0,0.1,0.9988,579.77
pair_063,Set A,gen_003,1,1,468.0,529.0,467.62,529.8,0.89,10.077,10.25,0.17,0.886,1.0,0.11,0.9982,645.84
pair_064,Set A,gen_004,1,1,357.0,654.0,357.08,164.44,489.56,11.313,10.0,1.31,-3.082,0.0,3.08,0.9926,583.35
pair_065,Set A,gen_005,1,1,501.0,460.0,451.43,59.93,403.13,9.332,10.0,0.67,-4.654,0.0,4.65,0.9987,635.33
pair_066,Set A,gen_006,1,1,320.0,702.0,120.7,152.8,584.24,8.693,10.0,1.31,-3.058,0.0,3.06,0.9987,649.87
pair_067,Set A,gen_007,1,1,520.0,469.0,519.2,469.3,0.85,9.769,10.0,0.23,4.247,4.0,0.25,0.9965,698.64
pair_068,Set A,gen_008,1,1,322.0,652.0,320.7,653.3,1.84,8.172,8.25,0.08,3.852,4.0,0.15,0.9955,703.31
pair_069,Set A,gen_009,1,1,438.0,464.0,118.8,104.8,480.53,10.308,10.0,0.31,-1.448,0.0,1.45,0.9991,643.3
pair_070,Set A,gen_010,1,1,387.0,569.0,385.7,570.18,1.76,8.195,8.25,0.05,4.584,5.0,0.42,0.9855,719.43
pair_071,Set B,gen_011,1,1,493.0,510.0,493.33,508.3,1.73,9.11,10.75,1.64,-4.039,-3.5,0.54,0.9911,608.19
pair_072,Set B,gen_012,1,1,531.0,327.0,532.7,846.8,519.8,11.95,9.25,2.7,-3.171,-1.5,1.67,0.9583,725.23
pair_073,Set B,gen_013,1,1,497.0,709.0,78.3,624.7,427.1,10.311,9.0,1.31,-3.481,-1.0,2.48,0.9964,732.47
pair_074,Set B,gen_014,1,1,322.0,462.0,409.7,140.16,333.57,11.56,9.0,2.56,3.369,-1.5,4.87,0.9217,733.76
pair_075,Set B,gen_015,1,1,474.0,389.0,479.7,646.96,258.02,8.026,11.75,3.72,-2.255,-1.0,1.25,0.9692,582.03
pair_076,Set B,gen_016,1,1,327.0,498.0,517.3,499.3,190.3,8.943,11.0,2.06,4.124,1.0,3.12,0.997,582.9
pair_077,Set B,gen_017,1,1,460.0,288.0,456.2,287.2,3.88,9.167,9.25,0.08,0.439,1.0,0.56,0.9294,716.51
pair_078,Set B,gen_018,1,1,487.0,533.0,486.3,537.2,4.26,9.264,8.25,1.01,-4.91,-5.0,0.09,0.9602,685.21
pair_079,Set B,gen_019,1,1,503.0,522.0,503.7,523.48,1.64,9.34,8.25,1.09,-4.19,-5.0,0.81,0.8371,683.74
pair_080,Set B,gen_020,1,1,489.0,285.0,489.7,316.7,31.71,11.535,12.0,0.46,-3.206,-1.0,2.21,0.7317,550.44
pair_081,Set B,gen_021,1,1,494.0,525.0,495.8,526.2,2.16,9.155,8.75,0.4,-3.086,-2.5,0.59,0.9935,709.95
pair_082,Set B,gen_022,1,1,495.0,309.0,494.7,330.7,21.7,9.462,10.75,1.29,0.432,1.0,0.57,0.9948,636.55
pair_083,Set B,gen_023,1,1,526.0,503.0,521.88,502.15,4.21,11.99,12.0,0.01,-3.508,1.0,4.51,0.9147,592.76
pair_084,Set B,gen_024,1,1,487.0,295.0,485.7,282.57,12.5,10.161,9.75,0.41,-2.622,-5.0,2.38,0.7821,692.54
pair_085,Set B,gen_025,1,1,474.0,537.0,472.3,540.7,4.07,9.19,8.25,0.94,3.517,4.0,0.48,0.9971,667.87
pair_086,Set B,gen_026,1,1,461.0,305.0,459.7,305.3,1.33,10.877,11.0,0.12,2.867,2.5,0.37,0.9982,649.83
pair_087,Set B,gen_027,1,1,467.0,514.0,467.3,514.9,0.95,11.723,11.75,0.03,2.22,2.5,0.28,0.9943,633.27
pair_088,Set B,gen_028,1,1,530.0,338.0,536.8,315.39,23.61,10.697,9.25,1.45,-0.649,-1.0,0.35,0.9953,804.46
pair_089,Set B,gen_029,1,1,478.0,474.0,480.3,476.3,3.25,10.454,11.25,0.8,-4.55,-4.0,0.55,0.9833,591.97
pair_090,Set B,gen_030,1,1,471.0,314.0,780.7,774.95,555.33,8.4,9.0,0.6,4.778,-1.0,5.78,0.9376,666.4
pair_091,Set B,gen_031,1,1,509.0,464.0,512.3,459.27,5.77,9.032,8.25,0.78,3.603,5.0,1.4,0.9871,666.4
pair_092,Set B,gen_032,1,1,509.0,299.0,509.3,299.3,0.42,11.245,11.25,0.01,2.428,2.5,0.07,0.9816,683.4
pair_093,Set B,gen_033,1,1,497.0,468.0,494.7,460.7,7.65,9.062,8.0,1.06,3.084,3.5,0.42,0.9963,677.0
pair_094,Set B,gen_034,1,1,516.0,338.0,511.7,369.3,31.59,8.487,10.75,2.26,-0.376,-1.0,0.62,0.998,662.78
pair_095,Set B,gen_035,1,1,467.0,475.0,107.7,886.64,546.39,11.897,11.25,0.65,4.302,-1.0,5.3,0.9985,579.15
pair_096,Set B,gen_036,1,1,524.0,285.0,116.7,358.09,413.81,9.228,11.25,2.02,-3.802,1.0,4.8,0.9191,562.93
pair_097,Set B,gen_037,1,1,510.0,471.0,509.3,474.3,3.37,9.326,10.75,1.42,0.69,1.5,0.81,0.9974,652.71
pair_098,Set B,gen_038,1,1,473.0,339.0,468.2,315.2,24.28,10.62,9.25,1.37,-4.413,-3.5,0.91,0.9984,683.61
pair_099,Set B,gen_039,1,1,468.0,505.0,472.3,504.07,4.4,8.747,9.75,1.0,0.221,-2.5,2.72,0.8917,681.36
pair_100,Set B,gen_040,1,1,505.0,345.0,506.2,334.2,10.87,11.178,10.25,0.93,-2.425,-1.5,0.92,0.8096,681.04
pair_101,Set B,gen_041,1,1,507.0,502.0,507.7,500.7,1.48,8.993,8.25,0.74,1.639,1.5,0.14,0.993,716.47
pair_102,Set B,gen_042,1,1,535.0,294.0,530.3,326.3,32.64,9.614,11.25,1.64,-0.804,-1.0,0.2,0.9862,578.5
pair_103,Set B,gen_043,1,1,496.0,534.0,497.3,529.3,4.88,10.554,12.0,1.45,-1.19,-1.0,0.19,0.9344,588.08
pair_104,Set B,gen_044,1,1,523.0,275.0,527.8,239.8,35.53,9.993,8.75,1.24,0.773,1.0,0.23,0.9963,673.16
pair_105,Set B,gen_045,1,1,495.0,477.0,492.7,473.7,4.02,9.053,8.25,0.8,3.546,2.5,1.05,0.9852,735.43
pair_106,Set B,gen_046,1,1,508.0,299.0,951.7,525.98,498.39,11.458,12.0,0.54,4.157,1.0,3.16,0.9356,566.82
pair_107,Set B,gen_047,1,1,513.0,519.0,158.8,470.8,357.46,11.514,9.25,2.26,-3.513,-1.0,2.51,0.9888,733.1
pair_108,Set B,gen_048,1,1,511.0,275.0,512.7,241.7,33.34,8.942,8.0,0.94,1.32,1.5,0.18,0.8479,651.24
pair_109,Set B,gen_049,1,1,537.0,534.0,839.3,520.3,302.61,9.096,11.0,1.9,-1.936,0.0,1.94,0.9891,681.15
pair_110,Set B,gen_050,1,1,522.0,285.0,523.8,284.0,2.06,9.173,9.25,0.08,4.503,4.0,0.5,0.9564,716.81
pair_111,Set B,gen_051,1,1,473.0,489.0,475.3,490.3,2.64,8.963,9.75,0.79,3.342,3.5,0.16,0.9963,716.45
pair_112,Set B,gen_052,1,1,519.0,293.0,915.26,552.3,473.56,10.765,11.0,0.23,1.163,1.0,0.16,0.6453,569.91
pair_113,Set B,gen_053,1,1,523.0,522.0,523.2,524.8,2.81,10.813,10.25,0.56,3.244,3.5,0.26,0.9816,700.47
pair_114,Set B,gen_054,1,1,532.0,324.0,534.8,308.2,16.05,11.037,10.25,0.79,-0.964,-1.0,0.04,0.9978,750.02
pair_115,Set B,gen_055,1,1,537.0,465.0,470.2,100.2,370.87,10.295,10.0,0.29,-1.886,1.0,2.89,0.9972,639.34
pair_116,Set B,gen_056,1,1,508.0,326.0,514.41,294.3,32.34,9.196,8.0,1.2,-2.405,-3.5,1.1,0.9861,650.0
pair_117,Set B,gen_057,1,1,537.0,462.0,538.7,458.7,3.71,9.646,9.0,0.65,0.505,1.0,0.49,0.9981,683.22
pair_118,Set B,gen_058,1,1,522.0,324.0,525.3,308.3,16.04,8.563,8.0,0.56,0.062,1.0,0.94,0.9757,657.65
pair_119,Set B,gen_059,1,1,525.0,502.0,525.3,500.7,1.33,8.912,9.0,0.09,-2.052,-1.5,0.55,0.9966,699.91
pair_120,Set B,gen_060,1,1,482.0,335.0,483.7,359.7,24.76,10.218,12.0,1.78,1.237,1.5,0.26,0.9729,566.89
pair_121,Set B,gen_001,1,1,632.0,353.0,641.7,339.7,16.46,10.892,9.75,1.14,4.818,3.5,1.32,0.9975,683.1
pair_122,Set B,gen_002,1,1,630.0,374.0,611.8,393.8,26.89,8.879,10.25,1.37,-4.12,-4.0,0.12,0.9987,649.91
pair_123,Set B,gen_003,1,1,515.0,486.0,514.7,485.66,0.45,11.459,11.75,0.29,4.612,5.0,0.39,0.9964,616.59
pair_124,Set B,gen_004,1,1,319.0,619.0,308.7,627.3,13.23,10.593,9.75,0.84,-2.102,-1.5,0.6,0.9849,683.55
pair_125,Set B,gen_005,1,1,506.0,527.0,906.8,577.8,404.01,8.485,10.0,1.52,1.108,0.0,1.11,0.9956,699.94
pair_126,Set B,gen_006,1,1,320.0,694.0,295.8,720.2,35.67,9.76,8.75,1.01,-3.066,-2.5,0.57,0.9904,666.56
pair_127,Set B,gen_007,1,1,529.0,516.0,532.09,518.8,4.17,9.258,8.75,0.51,-1.802,-1.5,0.3,0.9777,699.81
pair_128,Set B,gen_008,1,1,322.0,664.0,309.14,676.3,17.8,11.313,10.75,0.56,1.795,1.0,0.79,0.9965,683.39
pair_129,Set B,gen_009,1,1,424.0,496.0,684.3,97.7,475.81,9.781,11.0,1.22,-2.9,1.0,3.9,0.9266,616.5
pair_130,Set B,gen_010,1,1,422.0,556.0,421.2,556.8,1.13,8.653,8.75,0.1,-3.047,-2.5,0.55,0.9054,733.91
pair_131,Set B,gen_011,1,1,518.0,494.0,517.2,329.33,164.67,11.598,10.0,1.6,-2.377,-1.0,1.38,0.9959,677.03
pair_132,Set B,gen_012,1,1,476.0,344.0,286.7,883.3,571.56,8.078,9.0,0.92,3.944,1.0,2.94,0.9902,666.14
pair_133,Set B,gen_013,1,1,485.0,716.0,482.2,753.2,37.31,10.355,8.75,1.61,2.456,1.5,0.96,0.9885,683.43
pair_134,Set B,gen_014,1,1,286.0,460.0,479.19,208.7,316.98,10.79,11.25,0.46,4.681,0.0,4.68,0.9936,596.69
pair_135,Set B,gen_015,1,1,538.0,441.0,531.7,701.7,260.78,11.644,10.75,0.89,-4.587,-1.0,3.59,0.9913,600.13
pair_136,Set B,gen_016,1,1,334.0,492.0,205.99,813.8,346.33,9.992,8.75,1.24,-2.702,1.0,3.7,0.9957,666.76
pair_137,Set B,gen_017,1,1,508.0,304.0,508.3,324.7,20.7,8.081,9.0,0.92,-2.388,-2.5,0.11,0.9633,733.35
pair_138,Set B,gen_018,1,1,471.0,539.0,472.3,537.3,2.14,11.161,11.25,0.09,1.366,1.0,0.37,0.9026,560.0
pair_139,Set B,gen_019,1,1,460.0,514.0,460.2,513.26,0.77,8.676,9.25,0.57,2.527,2.5,0.03,0.9918,717.49
pair_140,Set B,gen_020,1,1,501.0,307.0,501.8,288.2,18.82,9.258,8.75,0.51,-1.847,-1.0,0.85,0.9905,699.88
pair_141,Set C,gen_021,0,1,0.0,0.0,506.7,498.3,999.0,0.0,12.0,999.0,0.0,-1.0,999.0,0.6909,616.66
pair_142,Set C,gen_022,0,0,0.0,0.0,0.0,0.0,0.0,0.0,0.0,0.0,0.0,0.0,0.0,0.3895,616.75
pair_143,Set C,gen_023,0,0,0.0,0.0,0.0,0.0,0.0,0.0,0.0,0.0,0.0,0.0,0.0,0.299,549.94
pair_144,Set C,gen_024,0,0,0.0,0.0,0.0,0.0,0.0,0.0,0.0,0.0,0.0,0.0,0.0,0.299,583.62
pair_145,Set C,gen_025,0,0,0.0,0.0,0.0,0.0,0.0,0.0,0.0,0.0,0.0,0.0,0.0,0.4543,620.53
pair_146,Set C,gen_026,0,0,0.0,0.0,0.0,0.0,0.0,0.0,0.0,0.0,0.0,0.0,0.0,0.4543,650.3
pair_147,Set C,gen_027,0,0,0.0,0.0,0.0,0.0,0.0,0.0,0.0,0.0,0.0,0.0,0.0,0.4536,583.39
pair_148,Set C,gen_028,0,0,0.0,0.0,0.0,0.0,0.0,0.0,0.0,0.0,0.0,0.0,0.0,0.4536,625.98
pair_149,Set C,gen_029,0,1,0.0,0.0,582.8,451.81,999.0,0.0,10.0,999.0,0.0,0.0,999.0,0.9614,734.26
pair_150,Set C,gen_030,0,1,0.0,0.0,582.8,451.81,999.0,0.0,10.0,999.0,0.0,0.0,999.0,0.9614,706.06
pair_151,Set C,gen_031,0,0,0.0,0.0,0.0,0.0,0.0,0.0,0.0,0.0,0.0,0.0,0.0,0.462,633.72
pair_152,Set C,gen_032,0,0,0.0,0.0,0.0,0.0,0.0,0.0,0.0,0.0,0.0,0.0,0.0,0.459,678.78
pair_153,Set C,gen_033,0,1,0.0,0.0,716.2,942.8,999.0,0.0,8.75,999.0,0.0,-1.0,999.0,0.8857,660.86
pair_154,Set C,gen_034,0,1,0.0,0.0,716.2,942.8,999.0,0.0,8.75,999.0,0.0,-1.0,999.0,0.8857,685.22
pair_155,Set C,gen_035,0,1,0.0,0.0,206.43,225.3,999.0,0.0,12.0,999.0,0.0,-1.0,999.0,0.9796,521.55
pair_156,Set C,gen_036,0,1,0.0,0.0,206.43,225.3,999.0,0.0,12.0,999.0,0.0,-1.0,999.0,0.9796,558.49
pair_157,Set C,gen_037,0,1,0.0,0.0,510.7,502.3,999.0,0.0,12.0,999.0,0.0,1.0,999.0,0.8275,545.22
pair_158,Set C,gen_038,0,1,0.0,0.0,510.7,502.3,999.0,0.0,12.0,999.0,0.0,1.0,999.0,0.8275,549.81
pair_159,Set C,gen_039,0,1,0.0,0.0,502.3,504.3,999.0,0.0,12.0,999.0,0.0,1.0,999.0,0.7729,575.64
pair_160,Set C,gen_040,0,1,0.0,0.0,502.3,504.3,999.0,0.0,12.0,999.0,0.0,1.0,999.0,0.7729,580.46
pair_161,Set C,gen_041,0,1,0.0,0.0,490.7,498.7,999.0,0.0,9.0,999.0,0.0,-1.0,999.0,0.6334,628.73
pair_162,Set C,gen_042,0,1,0.0,0.0,490.7,498.7,999.0,0.0,9.0,999.0,0.0,-1.0,999.0,0.6334,628.25
pair_163,Set C,gen_043,0,1,0.0,0.0,449.3,529.3,999.0,0.0,12.0,999.0,0.0,1.0,999.0,0.8377,603.53
pair_164,Set C,gen_044,0,1,0.0,0.0,449.3,529.3,999.0,0.0,12.0,999.0,0.0,1.0,999.0,0.8377,628.74
pair_165,Set C,gen_045,0,1,0.0,0.0,501.3,505.7,999.0,0.0,11.75,999.0,0.0,-1.0,999.0,0.6939,556.57
pair_166,Set C,gen_046,0,1,0.0,0.0,501.3,505.7,999.0,0.0,11.75,999.0,0.0,-1.0,999.0,0.6939,583.43
pair_167,Set C,gen_047,0,0,0.0,0.0,0.0,0.0,0.0,0.0,0.0,0.0,0.0,0.0,0.0,0.3833,657.12
pair_168,Set C,gen_048,0,0,0.0,0.0,0.0,0.0,0.0,0.0,0.0,0.0,0.0,0.0,0.0,0.3833,661.45
pair_169,Set C,gen_049,0,1,0.0,0.0,507.8,508.68,999.0,0.0,10.25,999.0,0.0,1.5,999.0,0.5028,645.06
pair_170,Set C,gen_050,0,1,0.0,0.0,507.8,508.68,999.0,0.0,10.25,999.0,0.0,1.5,999.0,0.5028,664.85
pair_171,Set C,gen_051,0,1,0.0,0.0,418.3,551.7,999.0,0.0,8.25,999.0,0.0,0.0,999.0,0.693,645.12
pair_172,Set C,gen_052,0,0,0.0,0.0,0.0,0.0,0.0,0.0,0.0,0.0,0.0,0.0,0.0,0.4267,607.21
pair_173,Set C,gen_053,0,0,0.0,0.0,0.0,0.0,0.0,0.0,0.0,0.0,0.0,0.0,0.0,0.2569,594.08
pair_174,Set C,gen_054,0,0,0.0,0.0,0.0,0.0,0.0,0.0,0.0,0.0,0.0,0.0,0.0,0.3493,614.58
pair_175,Set C,gen_055,0,1,0.0,0.0,952.3,958.3,999.0,0.0,11.75,999.0,0.0,-1.0,999.0,0.5658,518.74
pair_176,Set C,gen_056,0,1,0.0,0.0,952.3,958.3,999.0,0.0,11.75,999.0,0.0,-1.0,999.0,0.5658,516.01
pair_177,Set C,gen_057,0,1,0.0,0.0,434.78,911.8,999.0,0.0,8.75,999.0,0.0,1.0,999.0,0.8696,599.9
pair_178,Set C,gen_058,0,1,0.0,0.0,558.7,931.7,999.0,0.0,10.75,999.0,0.0,-3.5,999.0,0.6331,519.14
pair_179,Set C,gen_059,0,0,0.0,0.0,0.0,0.0,0.0,0.0,0.0,0.0,0.0,0.0,0.0,0.2272,651.96
pair_180,Set C,gen_060,0,0,0.0,0.0,0.0,0.0,0.0,0.0,0.0,0.0,0.0,0.0,0.0,0.2272,657.95
pair_181,Set D,gen_001,1,1,669.0,376.0,669.8,376.8,1.13,9.44,9.25,0.19,-2.082,-2.5,0.42,0.9988,783.26
pair_182,Set D,gen_002,1,1,614.0,361.0,614.8,360.2,1.13,8.666,8.75,0.08,4.834,5.0,0.17,0.9989,685.3
pair_183,Set D,gen_003,1,1,521.0,511.0,519.77,510.66,1.28,9.506,9.75,0.24,2.521,2.5,0.02,0.9982,744.96
pair_184,Set D,gen_004,1,1,382.0,646.0,383.3,647.08,1.69,10.703,10.75,0.05,-1.021,-1.0,0.02,0.998,722.87
pair_185,Set D,gen_005,1,1,470.0,520.0,470.77,370.76,149.24,9.43,10.0,0.57,-4.296,0.0,4.3,0.9987,799.39
pair_186,Set D,gen_006,1,1,297.0,732.0,295.79,731.94,1.21,11.76,11.75,0.01,-4.899,-5.0,0.1,0.998,607.06
pair_187,Set D,gen_007,1,1,454.0,498.0,454.0,498.66,0.66,8.246,8.25,0.0,3.095,3.5,0.4,0.9941,737.93
pair_188,Set D,gen_008,1,1,378.0,657.0,377.21,656.13,1.18,10.29,10.25,0.04,-1.864,-1.5,0.36,0.9974,679.91
pair_189,Set D,gen_009,1,1,481.0,436.0,561.0,876.0,447.21,9.448,10.0,0.55,-0.682,0.0,0.68,0.999,735.66
pair_190,Set D,gen_010,1,1,389.0,553.0,388.2,552.2,1.13,8.467,8.75,0.28,-0.517,-1.0,0.48,0.9539,748.25
pair_191,Set D,gen_011,1,1,537.0,466.0,701.77,465.2,164.77,10.332,10.0,0.33,2.423,0.0,2.42,0.999,649.78
pair_192,Set D,gen_012,1,1,490.0,365.0,490.58,530.15,165.15,8.563,10.0,1.44,0.456,0.0,0.46,0.999,762.32
pair_193,Set D,gen_013,1,1,494.0,722.0,494.78,342.71,379.29,9.412,10.0,0.59,-1.172,0.0,1.17,0.999,773.81
pair_194,Set D,gen_014,1,1,346.0,513.0,725.2,418.65,390.76,8.976,10.0,1.02,2.205,0.0,2.21,0.999,748.38
pair_195,Set D,gen_015,1,1,471.0,392.0,280.87,487.8,212.9,11.101,10.0,1.1,-3.797,0.0,3.8,0.999,663.91
pair_196,Set D,gen_016,1,1,274.0,523.0,274.54,238.43,284.57,9.346,10.0,0.65,-3.927,0.0,3.93,0.999,727.65
pair_197,Set D,gen_017,1,1,482.0,297.0,482.8,297.8,1.13,10.248,10.25,0.0,4.409,4.0,0.41,0.9978,714.16
pair_198,Set D,gen_018,1,1,537.0,508.0,536.2,508.8,1.13,9.468,9.25,0.22,-3.736,-3.5,0.24,0.9954,789.03
pair_199,Set D,gen_019,1,1,513.0,529.0,513.3,527.7,1.33,9.547,9.75,0.2,-4.35,-4.0,0.35,0.9977,786.86
pair_200,Set D,gen_020,1,1,499.0,277.0,498.77,278.3,1.32,10.825,11.0,0.18,-3.846,-3.5,0.35,0.9975,690.54
