pair_id,set,gen_id,gt_found,pred_found,gt_x,gt_y,pred_x,pred_y,loc_err,gt_scale,pred_scale,scale_err,gt_theta,pred_theta,theta_err,pred_score,grad_ncc,raw_siamese,runtime_ms
pair_001,Set A,gen_001,1,1,656.0,366.0,656.18,365.7,0.35,8.925,9.0,0.07,-0.385,0.0,0.39,0.9966,0.7869,0.9989,593.08
pair_002,Set A,gen_002,1,1,686.0,352.0,686.81,353.8,1.97,9.875,10.0,0.12,4.21,4.0,0.21,0.9966,0.7871,0.9986,478.85
pair_003,Set A,gen_003,1,1,471.0,528.0,469.77,528.52,1.34,10.763,10.75,0.01,-0.273,0.0,0.27,0.9978,0.9506,0.9094,501.98
pair_004,Set A,gen_004,1,1,376.0,667.0,374.91,667.22,1.11,10.576,10.75,0.17,-0.673,-1.0,0.33,0.9938,0.7948,0.8917,536.03
pair_005,Set A,gen_005,1,1,461.0,464.0,311.8,63.81,427.1,11.667,10.0,1.67,-4.742,0.0,4.74,0.9986,0.9523,0.9813,535.25
pair_006,Set A,gen_006,1,1,328.0,710.0,177.27,559.2,213.21,8.851,10.0,1.15,0.804,0.0,0.8,0.9988,0.9624,0.9921,586.14
pair_007,Set A,gen_007,1,1,501.0,458.0,150.61,458.0,350.39,11.655,10.0,1.65,-1.253,0.0,1.25,0.9873,0.8752,0.6905,450.64
pair_008,Set A,gen_008,1,1,373.0,619.0,442.38,688.2,97.99,10.105,10.0,0.11,-4.475,0.0,4.47,0.9513,0.8226,0.5129,585.85
pair_009,Set A,gen_009,1,1,443.0,487.0,363.8,407.41,112.28,11.142,10.0,1.14,3.669,0.0,3.67,0.999,0.9972,1.0,501.89
pair_010,Set A,gen_010,1,1,454.0,550.0,453.2,549.54,0.92,10.236,10.25,0.01,1.803,1.5,0.3,0.9983,0.9854,0.9173,532.91
pair_011,Set A,gen_011,1,1,503.0,469.0,337.59,634.48,233.97,9.137,10.0,0.86,-4.612,0.0,4.61,0.999,0.9968,0.9997,568.49
pair_012,Set A,gen_012,1,1,498.0,310.0,827.2,640.66,466.59,9.951,10.0,0.05,-1.617,0.0,1.62,0.9991,1.0,0.9998,533.24
pair_013,Set A,gen_013,1,0,479.0,703.0,0.0,0.0,999.0,9.051,0.0,999.0,3.818,0.0,999.0,0.1666,1.0,-0.4283,415.05
pair_014,Set A,gen_014,1,0,339.0,525.0,0.0,0.0,999.0,9.599,0.0,999.0,3.055,0.0,999.0,0.2977,1.0,-0.303,416.64
pair_015,Set A,gen_015,1,0,501.0,375.0,0.0,0.0,999.0,9.086,0.0,999.0,-3.699,0.0,999.0,0.4472,1.0,-0.1953,483.15
pair_016,Set A,gen_016,1,1,314.0,496.0,884.01,306.48,600.69,9.583,10.0,0.42,-3.474,0.0,3.47,0.999,0.9995,0.9984,458.73
pair_017,Set A,gen_017,1,1,475.0,303.0,476.3,303.11,1.3,9.732,9.75,0.02,-4.517,-4.0,0.52,0.9859,0.9286,0.6188,583.59
pair_018,Set A,gen_018,1,1,489.0,517.0,905.8,156.77,550.9,11.437,10.0,1.44,-4.138,0.0,4.14,0.9555,0.9049,0.4462,450.23
pair_019,Set A,gen_019,1,1,453.0,515.0,451.7,515.24,1.32,10.857,10.75,0.11,0.7,1.0,0.3,0.9911,0.8733,0.7514,536.6
pair_020,Set A,gen_020,1,1,479.0,331.0,286.2,90.89,307.94,8.081,10.0,1.92,-1.047,0.0,1.05,0.9858,0.9176,0.6297,579.43
pair_021,Set A,gen_021,1,1,479.0,482.0,334.91,602.53,187.85,9.068,10.0,0.93,0.115,0.0,0.12,0.9211,0.8971,0.3525,569.63
pair_022,Set A,gen_022,1,1,534.0,323.0,102.17,83.06,494.01,10.146,10.0,0.15,3.758,0.0,3.76,0.7994,0.901,0.1694,535.57
pair_023,Set A,gen_023,1,1,513.0,482.0,640.68,482.74,127.68,8.637,10.0,1.36,3.763,0.0,3.76,0.8807,0.8658,0.3074,533.02
pair_024,Set A,gen_024,1,1,473.0,324.0,473.66,324.3,0.72,11.979,12.0,0.02,0.983,1.0,0.02,0.9868,0.9425,0.617,450.34
pair_025,Set A,gen_025,1,1,484.0,537.0,484.3,536.7,0.42,9.678,9.75,0.07,-4.305,-4.0,0.3,0.9982,0.9549,0.9409,566.74
pair_026,Set A,gen_026,1,1,526.0,293.0,526.08,292.82,0.2,8.955,9.0,0.04,-0.249,0.0,0.25,0.9969,0.8549,0.9487,625.99
pair_027,Set A,gen_027,1,1,487.0,490.0,486.2,810.8,320.8,10.295,10.0,0.29,4.625,0.0,4.62,0.998,0.9507,0.9247,566.5
pair_028,Set A,gen_028,1,1,515.0,292.0,514.2,292.11,0.81,8.782,8.75,0.03,-3.325,-3.5,0.17,0.9752,0.9571,0.4949,557.5
pair_029,Set A,gen_029,1,1,510.0,535.0,118.72,103.8,582.27,10.895,10.0,0.89,4.519,0.0,4.52,0.9979,0.9546,0.9124,510.45
pair_030,Set A,gen_030,1,1,492.0,349.0,491.67,61.8,287.2,10.402,10.0,0.4,-4.182,0.0,4.18,0.9969,0.9659,0.8385,532.28
pair_031,Set A,gen_031,1,1,521.0,537.0,521.8,536.2,1.13,9.782,10.0,0.22,0.506,1.0,0.49,0.9973,0.8745,0.9484,590.01
pair_032,Set A,gen_032,1,1,471.0,318.0,469.7,318.76,1.51,8.236,8.25,0.01,3.636,3.5,0.14,0.988,0.9565,0.6179,516.65
pair_033,Set A,gen_033,1,1,467.0,481.0,467.12,482.3,1.31,8.364,8.25,0.11,-1.137,-1.5,0.36,0.995,0.872,0.8491,590.44
pair_034,Set A,gen_034,1,1,473.0,335.0,472.93,334.7,0.31,11.1,11.0,0.1,-3.576,-4.0,0.42,0.9977,0.9035,0.9508,417.6
pair_035,Set A,gen_035,1,1,532.0,509.0,870.8,67.8,556.28,9.174,10.0,0.83,-1.932,0.0,1.93,0.9988,0.9653,0.9996,549.96
pair_036,Set A,gen_036,1,1,495.0,303.0,390.99,329.01,107.21,10.213,10.0,0.21,3.337,0.0,3.34,0.9989,0.982,0.9994,532.65
pair_037,Set A,gen_037,1,1,507.0,471.0,506.7,470.7,0.42,11.979,12.0,0.02,4.163,4.0,0.16,0.9983,0.9581,0.9438,500.15
pair_038,Set A,gen_038,1,1,462.0,330.0,342.36,66.02,289.83,11.59,10.0,1.59,4.42,0.0,4.42,0.9983,0.9198,0.9823,515.99
pair_039,Set A,gen_039,1,1,482.0,475.0,949.2,187.8,548.42,11.908,10.0,1.91,1.761,0.0,1.76,0.988,0.939,0.6356,466.52
pair_040,Set A,gen_040,1,1,535.0,311.0,282.2,311.8,252.8,9.156,10.0,0.84,2.194,0.0,2.19,0.9857,0.9454,0.6007,600.02
pair_041,Set A,gen_041,1,1,462.0,496.0,65.97,352.6,421.19,10.629,10.0,0.63,3.476,0.0,3.48,0.9804,0.9546,0.5375,499.88
pair_042,Set A,gen_042,1,1,486.0,305.0,755.2,449.6,305.58,10.398,10.0,0.4,3.742,0.0,3.74,0.9934,0.951,0.7242,533.03
pair_043,Set A,gen_043,1,1,537.0,494.0,825.8,62.49,519.24,11.632,10.0,1.63,-3.66,0.0,3.66,0.9963,0.9482,0.8241,482.98
pair_044,Set A,gen_044,1,1,464.0,307.0,464.3,306.7,0.42,9.008,9.0,0.01,-1.395,-1.5,0.1,0.9977,0.9657,0.8863,568.25
pair_045,Set A,gen_045,1,1,517.0,524.0,354.2,523.38,162.8,9.838,10.0,0.16,2.503,0.0,2.5,0.9848,0.9327,0.6026,566.59
pair_046,Set A,gen_046,1,1,517.0,325.0,517.25,326.3,1.32,11.038,11.0,0.04,-0.877,-1.0,0.12,0.9974,0.9646,0.8655,533.4
pair_047,Set A,gen_047,1,1,529.0,529.0,72.2,529.8,456.8,11.06,10.0,1.06,3.489,0.0,3.49,0.9988,0.9785,0.9761,516.49
pair_048,Set A,gen_048,1,1,494.0,287.0,661.2,287.8,167.2,10.243,10.0,0.24,4.507,0.0,4.51,0.9988,0.9751,0.9899,533.49
pair_049,Set A,gen_049,1,1,476.0,478.0,589.2,306.8,205.24,10.475,10.0,0.47,-4.142,0.0,4.14,0.9988,0.9712,0.9833,566.54
pair_050,Set A,gen_050,1,1,476.0,298.0,761.2,239.56,291.13,8.638,10.0,1.36,2.295,0.0,2.29,0.9986,0.962,0.9715,566.43
pair_051,Set A,gen_051,1,1,475.0,479.0,858.2,94.2,543.06,10.459,10.0,0.46,1.336,0.0,1.34,0.9979,0.9563,0.9097,566.51
pair_052,Set A,gen_052,1,1,525.0,336.0,717.8,335.78,192.8,8.102,10.0,1.9,4.174,0.0,4.17,0.998,0.9573,0.9221,517.04
pair_053,Set A,gen_053,1,1,538.0,461.0,154.37,460.83,383.63,8.601,10.0,1.4,-2.792,0.0,2.79,0.9985,0.9651,0.9584,550.06
pair_054,Set A,gen_054,1,1,466.0,336.0,609.86,335.2,143.86,8.214,10.0,1.79,-4.393,0.0,4.39,0.9988,0.9722,0.9828,500.48
pair_055,Set A,gen_055,1,1,526.0,479.0,372.23,478.32,153.77,9.311,10.0,0.69,1.258,0.0,1.26,0.9987,0.9525,0.9981,583.99
pair_056,Set A,gen_056,1,1,504.0,293.0,152.8,69.08,416.51,9.544,10.0,0.46,2.048,0.0,2.05,0.9987,0.9516,0.9959,567.02
pair_057,Set A,gen_057,1,1,481.0,468.0,481.2,659.2,191.2,10.072,10.0,0.07,-3.276,0.0,3.28,0.9988,0.9646,0.9929,499.49
pair_058,Set A,gen_058,1,1,536.0,345.0,536.39,536.58,191.58,11.497,10.0,1.5,0.789,0.0,0.79,0.9978,0.9443,0.9132,516.53
pair_059,Set A,gen_059,1,1,477.0,485.0,476.26,483.7,1.5,10.716,10.75,0.03,-4.157,-4.0,0.16,0.9967,0.9465,0.8429,532.75
pair_060,Set A,gen_060,1,1,512.0,327.0,511.75,327.8,0.84,9.265,9.25,0.02,4.843,5.0,0.16,0.9972,0.9491,0.871,533.37
pair_061,Set A,gen_001,1,1,676.0,317.0,677.3,318.3,1.84,10.852,11.0,0.15,2.393,2.5,0.11,0.9966,0.8005,0.9875,464.54
pair_062,Set A,gen_002,1,1,687.0,369.0,687.57,370.04,1.19,11.051,11.25,0.2,3.903,4.0,0.1,0.9968,0.7995,0.9986,483.64
pair_063,Set A,gen_003,1,1,468.0,529.0,468.05,599.01,70.01,10.077,10.0,0.08,0.886,0.0,0.89,0.992,0.8442,0.7987,549.65
pair_064,Set A,gen_004,1,1,357.0,654.0,356.2,93.97,560.03,11.313,10.0,1.31,-3.082,0.0,3.08,0.9917,0.9196,0.7179,475.6
pair_065,Set A,gen_005,1,1,501.0,460.0,451.8,109.2,354.23,9.332,10.0,0.67,-4.654,0.0,4.65,0.9987,0.9559,0.988,587.69
pair_066,Set A,gen_006,1,1,320.0,702.0,619.2,451.2,390.41,8.693,10.0,1.31,-3.058,0.0,3.06,0.9987,0.9583,0.9886,566.79
pair_067,Set A,gen_007,1,1,520.0,469.0,519.2,258.82,210.18,9.769,10.0,0.23,4.247,0.0,4.25,0.9276,0.8847,0.3802,570.94
pair_068,Set A,gen_008,1,1,322.0,652.0,671.54,651.69,349.54,8.172,10.0,1.83,3.852,0.0,3.85,0.9552,0.9335,0.4163,549.09
pair_069,Set A,gen_009,1,1,438.0,464.0,878.8,64.04,595.21,10.308,10.0,0.31,-1.448,0.0,1.45,0.999,0.9912,1.0,512.19
pair_070,Set A,gen_010,1,1,387.0,569.0,107.49,769.8,344.16,8.195,10.0,1.8,4.584,0.0,4.58,0.9914,0.9094,0.7217,530.92
pair_071,Set B,gen_011,1,1,493.0,510.0,789.87,364.8,330.48,9.11,11.75,2.64,-4.039,1.0,5.04,0.8523,0.717,0.415,431.77
pair_072,Set B,gen_012,1,1,531.0,327.0,180.7,589.49,437.73,11.95,9.75,2.2,-3.171,1.0,4.17,0.6928,0.644,0.3315,564.91
pair_073,Set B,gen_013,1,1,497.0,709.0,77.2,521.28,459.86,10.311,9.25,1.06,-3.481,1.5,4.98,0.9767,0.619,0.8435,515.66
pair_074,Set B,gen_014,1,1,322.0,462.0,297.88,457.09,24.61,11.56,11.25,0.31,3.369,5.0,1.63,0.8206,0.5585,0.5349,532.83
pair_075,Set B,gen_015,1,1,474.0,389.0,479.7,645.78,256.84,8.026,11.75,3.72,-2.255,-1.0,1.25,0.873,0.6759,0.4854,464.38
pair_076,Set B,gen_016,1,0,327.0,498.0,0.0,0.0,999.0,8.943,0.0,999.0,4.124,0.0,999.0,0.0518,0.7377,-0.3823,514.74
pair_077,Set B,gen_017,1,1,460.0,288.0,451.3,282.89,10.09,9.167,12.0,2.83,0.439,1.0,0.56,0.5144,0.5528,0.2968,505.59
pair_078,Set B,gen_018,1,1,487.0,533.0,484.3,536.23,4.21,9.264,8.25,1.01,-4.91,-5.0,0.09,0.8263,0.5778,0.5221,498.93
pair_079,Set B,gen_019,1,1,503.0,522.0,502.89,522.8,0.81,9.34,10.25,0.91,-4.19,1.0,5.19,0.6949,0.5714,0.4058,599.0
pair_080,Set B,gen_020,1,0,489.0,285.0,0.0,0.0,999.0,11.535,0.0,999.0,-3.206,0.0,999.0,0.2395,0.6928,-0.0454,445.5
pair_081,Set B,gen_021,1,1,494.0,525.0,494.2,526.59,1.6,9.155,8.75,0.4,-3.086,-2.5,0.59,0.9815,0.7548,0.7475,568.77
pair_082,Set B,gen_022,1,1,495.0,309.0,495.62,331.42,22.43,9.462,10.75,1.29,0.432,1.5,1.07,0.9899,0.8644,0.7396,533.19
pair_083,Set B,gen_023,1,1,526.0,503.0,517.3,500.76,8.98,11.99,12.0,0.01,-3.508,-1.0,2.51,0.6685,0.6202,0.3366,432.34
pair_084,Set B,gen_024,1,0,487.0,295.0,0.0,0.0,999.0,10.161,0.0,999.0,-2.622,0.0,999.0,0.3194,0.558,0.156,599.98
pair_085,Set B,gen_025,1,1,474.0,537.0,470.95,540.7,4.8,9.19,8.25,0.94,3.517,4.0,0.48,0.9833,0.6345,0.8852,474.51
pair_086,Set B,gen_026,1,1,461.0,305.0,460.79,303.7,1.32,10.877,11.0,0.12,2.867,2.5,0.37,0.9966,0.8606,0.9241,505.39
pair_087,Set B,gen_027,1,1,467.0,514.0,467.3,515.3,1.33,11.723,11.75,0.03,2.22,2.5,0.28,0.9932,0.9253,0.7454,501.51
pair_088,Set B,gen_028,1,1,530.0,338.0,536.8,315.8,23.22,10.697,9.25,1.45,-0.649,-1.0,0.35,0.993,0.8765,0.7904,594.27
pair_089,Set B,gen_029,1,1,478.0,474.0,478.7,474.7,0.99,10.454,11.25,0.8,-4.55,-4.0,0.55,0.9763,0.9177,0.542,448.87
pair_090,Set B,gen_030,1,1,471.0,314.0,247.34,451.7,262.65,8.4,9.0,0.6,4.778,0.0,4.78,0.9522,0.8304,0.5084,584.5
pair_091,Set B,gen_031,1,1,509.0,464.0,518.7,468.3,10.61,9.032,11.25,2.22,3.603,-3.5,7.1,0.8587,0.5576,0.5831,466.68
pair_092,Set B,gen_032,1,1,509.0,299.0,507.9,299.3,1.14,11.245,11.25,0.01,2.428,2.5,0.07,0.9511,0.7662,0.5685,462.52
pair_093,Set B,gen_033,1,1,497.0,468.0,495.48,472.7,4.94,9.062,11.75,2.69,3.084,2.5,0.58,0.9756,0.5968,0.8577,468.7
pair_094,Set B,gen_034,1,1,516.0,338.0,511.73,367.81,30.11,8.487,10.75,2.26,-0.376,0.0,0.38,0.9961,0.8545,0.9073,513.54
pair_095,Set B,gen_035,1,1,467.0,475.0,381.17,885.82,419.69,11.897,11.25,0.65,4.302,0.0,4.3,0.9977,0.8908,0.9612,421.86
pair_096,Set B,gen_036,1,1,524.0,285.0,47.7,154.7,493.8,9.228,11.75,2.52,-3.802,1.0,4.8,0.5865,0.674,0.2242,436.55
pair_097,Set B,gen_037,1,1,510.0,471.0,509.37,472.7,1.81,9.326,10.75,1.42,0.69,1.5,0.81,0.9921,0.7309,0.9152,531.3
pair_098,Set B,gen_038,1,1,473.0,339.0,468.2,316.8,22.71,10.62,9.25,1.37,-4.413,-4.0,0.41,0.9967,0.837,0.9559,561.47
pair_099,Set B,gen_039,1,1,468.0,505.0,472.14,504.15,4.23,8.747,11.0,2.25,0.221,-1.0,1.22,0.7969,0.5626,0.5053,511.0
pair_100,Set B,gen_040,1,0,505.0,345.0,0.0,0.0,999.0,11.178,0.0,999.0,-2.425,0.0,999.0,0.4906,0.5604,0.2734,580.04
pair_101,Set B,gen_041,1,1,507.0,502.0,507.7,501.77,0.74,8.993,8.0,0.99,1.639,1.5,0.14,0.9796,0.7396,0.746,520.23
pair_102,Set B,gen_042,1,1,535.0,294.0,530.3,324.7,31.06,9.614,11.25,1.64,-0.804,-1.0,0.2,0.9621,0.7475,0.6313,431.0
pair_103,Set B,gen_043,1,1,496.0,534.0,496.3,527.75,6.26,10.554,12.0,1.45,-1.19,-1.0,0.19,0.8843,0.8438,0.3351,416.01
pair_104,Set B,gen_044,1,1,523.0,275.0,526.2,238.2,36.94,9.993,8.75,1.24,0.773,1.0,0.23,0.9943,0.8942,0.8046,516.22
pair_105,Set B,gen_045,1,0,495.0,477.0,0.0,0.0,999.0,9.053,0.0,999.0,3.546,0.0,999.0,0.3183,0.6307,0.0824,498.96
pair_106,Set B,gen_046,1,0,508.0,299.0,0.0,0.0,999.0,11.458,0.0,999.0,4.157,0.0,999.0,0.0921,0.6041,-0.1455,484.23
pair_107,Set B,gen_047,1,1,513.0,519.0,514.7,521.41,2.95,11.514,11.0,0.51,-3.513,-3.5,0.01,0.985,0.7256,0.8123,566.31
pair_108,Set B,gen_048,1,1,511.0,275.0,648.8,188.74,162.57,8.942,8.75,0.19,1.32,0.0,1.32,0.879,0.6391,0.5314,513.1
pair_109,Set B,gen_049,1,1,537.0,534.0,346.76,186.7,395.99,9.096,11.0,1.9,-1.936,0.0,1.94,0.9777,0.9043,0.5659,532.17
pair_110,Set B,gen_050,1,1,522.0,285.0,320.2,51.2,308.85,9.173,10.0,0.83,4.503,-1.0,5.5,0.6858,0.6308,0.3393,531.74
pair_111,Set B,gen_051,1,1,473.0,489.0,384.27,85.9,412.75,8.963,10.75,1.79,3.342,0.0,3.34,0.9727,0.9087,0.5268,533.14
pair_112,Set B,gen_052,1,1,519.0,293.0,127.34,90.7,440.82,10.765,11.25,0.48,1.163,0.0,1.16,0.511,0.5733,0.274,483.88
pair_113,Set B,gen_053,1,1,523.0,522.0,579.8,730.71,216.3,10.813,9.25,1.56,3.244,-1.0,4.24,0.8344,0.5822,0.5273,570.54
pair_114,Set B,gen_054,1,1,532.0,324.0,118.63,274.75,416.29,11.037,9.25,1.79,-0.964,0.0,0.96,0.9943,0.8852,0.8143,599.28
pair_115,Set B,gen_055,1,1,537.0,465.0,514.37,128.82,336.94,10.295,10.0,0.29,-1.886,0.0,1.89,0.9939,0.7088,0.9793,542.71
pair_116,Set B,gen_056,1,1,508.0,326.0,890.2,860.41,657.02,9.196,8.75,0.45,-2.405,-1.0,1.4,0.6178,0.5559,0.3641,485.4
pair_117,Set B,gen_057,1,1,537.0,462.0,538.7,458.7,3.71,9.646,9.0,0.65,0.505,1.0,0.49,0.9964,0.8471,0.9286,572.67
pair_118,Set B,gen_058,1,1,522.0,324.0,525.2,552.8,228.82,8.563,9.25,0.69,0.062,1.0,0.94,0.9732,0.6594,0.7795,553.55
pair_119,Set B,gen_059,1,1,525.0,502.0,364.2,85.2,446.74,8.912,10.0,1.09,-2.052,0.0,2.05,0.9968,0.9095,0.8876,582.41
pair_120,Set B,gen_060,1,1,482.0,335.0,349.81,522.48,229.4,10.218,11.75,1.53,1.237,0.0,1.24,0.8612,0.7489,0.3953,444.17
pair_121,Set B,gen_001,1,1,632.0,353.0,89.14,573.7,586.01,10.892,11.25,0.36,4.818,-1.0,5.82,0.9432,0.5612,0.7472,498.89
pair_122,Set B,gen_002,1,1,630.0,374.0,609.42,393.33,28.23,8.879,10.25,1.37,-4.12,-3.5,0.62,0.9936,0.6862,0.9941,475.87
pair_123,Set B,gen_003,1,1,515.0,486.0,935.02,486.18,420.02,11.459,10.0,1.46,4.612,0.0,4.61,0.9885,0.882,0.7001,497.16
pair_124,Set B,gen_004,1,1,319.0,619.0,306.1,413.65,205.75,10.593,12.0,1.41,-2.102,-1.0,1.1,0.5106,0.5612,0.2859,462.08
pair_125,Set B,gen_005,1,1,506.0,527.0,905.2,627.61,411.68,8.485,10.0,1.52,1.108,0.0,1.11,0.9951,0.8938,0.8323,560.84
pair_126,Set B,gen_006,1,1,320.0,694.0,66.85,152.8,597.48,9.76,8.75,1.01,-3.066,1.0,4.07,0.9739,0.7237,0.7193,498.23
pair_127,Set B,gen_007,1,0,529.0,516.0,0.0,0.0,999.0,9.258,0.0,999.0,-1.802,0.0,999.0,0.3578,0.6457,0.0968,533.43
pair_128,Set B,gen_008,1,1,322.0,664.0,309.06,675.5,17.31,11.313,10.75,0.56,1.795,1.0,0.79,0.9907,0.7767,0.8407,566.73
pair_129,Set B,gen_009,1,1,424.0,496.0,321.7,748.01,271.98,9.781,11.0,1.22,-2.9,1.0,3.9,0.924,0.8483,0.4079,473.82
pair_130,Set B,gen_010,1,0,422.0,556.0,0.0,0.0,999.0,8.653,0.0,999.0,-3.047,0.0,999.0,0.2835,0.714,-0.0286,550.47
pair_131,Set B,gen_011,1,1,518.0,494.0,847.81,494.31,329.81,11.598,10.0,1.6,-2.377,0.0,2.38,0.9964,0.9204,0.855,516.65
pair_132,Set B,gen_012,1,1,476.0,344.0,102.8,325.47,373.66,8.078,8.75,0.67,3.944,0.0,3.94,0.9765,0.8544,0.6067,533.07
pair_133,Set B,gen_013,1,1,485.0,716.0,480.7,755.3,39.53,10.355,9.0,1.36,2.456,1.5,0.96,0.9328,0.5955,0.683,549.99
pair_134,Set B,gen_014,1,1,286.0,460.0,307.84,720.19,261.11,10.79,11.25,0.46,4.681,0.0,4.68,0.9865,0.8533,0.7021,499.74
pair_135,Set B,gen_015,1,0,538.0,441.0,0.0,0.0,999.0,11.644,0.0,999.0,-4.587,0.0,999.0,0.0473,0.5851,-0.2456,500.27
pair_136,Set B,gen_016,1,1,334.0,492.0,743.77,599.8,423.71,9.992,8.75,1.24,-2.702,1.0,3.7,0.9892,0.8266,0.7664,583.39
pair_137,Set B,gen_017,1,0,508.0,304.0,0.0,0.0,999.0,8.081,0.0,999.0,-2.388,0.0,999.0,0.0133,0.5381,-0.4161,518.29
pair_138,Set B,gen_018,1,1,471.0,539.0,470.93,537.34,1.66,11.161,12.0,0.84,1.366,3.5,2.13,0.8076,0.561,0.5181,483.07
pair_139,Set B,gen_019,1,1,460.0,514.0,460.8,513.8,0.82,8.676,9.25,0.57,2.527,2.5,0.03,0.966,0.6342,0.7638,600.08
pair_140,Set B,gen_020,1,1,501.0,307.0,501.8,289.66,17.36,9.258,8.75,0.51,-1.847,-1.0,0.85,0.9733,0.7375,0.7021,533.6
pair_141,Set C,gen_021,0,1,0.0,0.0,514.77,487.42,999.0,0.0,10.25,999.0,0.0,0.0,999.0,0.5843,0.5574,0.3394,517.39
pair_142,Set C,gen_022,0,0,0.0,0.0,0.0,0.0,0.0,0.0,0.0,0.0,0.0,0.0,0.0,0.2223,0.557,0.0742,549.63
pair_143,Set C,gen_023,0,0,0.0,0.0,0.0,0.0,0.0,0.0,0.0,0.0,0.0,0.0,0.0,0.2459,0.5793,0.074,483.93
pair_144,Set C,gen_024,0,0,0.0,0.0,0.0,0.0,0.0,0.0,0.0,0.0,0.0,0.0,0.0,0.2459,0.5793,0.074,499.91
pair_145,Set C,gen_025,0,0,0.0,0.0,0.0,0.0,0.0,0.0,0.0,0.0,0.0,0.0,0.0,0.0653,0.5501,-0.1536,483.47
pair_146,Set C,gen_026,0,0,0.0,0.0,0.0,0.0,0.0,0.0,0.0,0.0,0.0,0.0,0.0,0.0653,0.5501,-0.1536,449.14
pair_147,Set C,gen_027,0,0,0.0,0.0,0.0,0.0,0.0,0.0,0.0,0.0,0.0,0.0,0.0,0.3226,0.5649,0.1515,416.89
pair_148,Set C,gen_028,0,0,0.0,0.0,0.0,0.0,0.0,0.0,0.0,0.0,0.0,0.0,0.0,0.3226,0.5649,0.1515,434.79
pair_149,Set C,gen_029,0,1,0.0,0.0,413.8,499.96,999.0,0.0,10.0,999.0,0.0,0.0,999.0,0.9702,0.7357,0.6849,517.07
pair_150,Set C,gen_030,0,1,0.0,0.0,413.8,499.96,999.0,0.0,10.0,999.0,0.0,0.0,999.0,0.9702,0.7357,0.6849,533.12
pair_151,Set C,gen_031,0,0,0.0,0.0,0.0,0.0,0.0,0.0,0.0,0.0,0.0,0.0,0.0,0.1895,0.5689,0.0289,466.61
pair_152,Set C,gen_032,0,0,0.0,0.0,0.0,0.0,0.0,0.0,0.0,0.0,0.0,0.0,0.0,0.1911,0.5691,0.0304,464.8
pair_153,Set C,gen_033,0,0,0.0,0.0,0.0,0.0,0.0,0.0,0.0,0.0,0.0,0.0,0.0,0.428,0.6078,0.1839,516.63
pair_154,Set C,gen_034,0,0,0.0,0.0,0.0,0.0,0.0,0.0,0.0,0.0,0.0,0.0,0.0,0.428,0.6078,0.1839,516.54
pair_155,Set C,gen_035,0,1,0.0,0.0,904.71,251.3,999.0,0.0,12.0,999.0,0.0,0.0,999.0,0.966,0.6256,0.7723,431.19
pair_156,Set C,gen_036,0,1,0.0,0.0,878.71,251.3,999.0,0.0,12.0,999.0,0.0,0.0,999.0,0.966,0.6256,0.7723,416.85
pair_157,Set C,gen_037,0,1,0.0,0.0,488.3,514.09,999.0,0.0,11.75,999.0,0.0,-2.5,999.0,0.793,0.5834,0.4804,391.31
pair_158,Set C,gen_038,0,1,0.0,0.0,488.3,514.09,999.0,0.0,11.75,999.0,0.0,-2.5,999.0,0.793,0.5834,0.4804,433.13
pair_159,Set C,gen_039,0,1,0.0,0.0,469.3,504.3,999.0,0.0,12.0,999.0,0.0,0.0,999.0,0.7915,0.6292,0.4331,515.55
pair_160,Set C,gen_040,0,1,0.0,0.0,469.3,504.3,999.0,0.0,12.0,999.0,0.0,0.0,999.0,0.7915,0.6292,0.4331,483.04
pair_161,Set C,gen_041,0,0,0.0,0.0,0.0,0.0,0.0,0.0,0.0,0.0,0.0,0.0,0.0,0.3083,0.5659,0.1394,499.68
pair_162,Set C,gen_042,0,0,0.0,0.0,0.0,0.0,0.0,0.0,0.0,0.0,0.0,0.0,0.0,0.3083,0.5659,0.1394,500.5
pair_163,Set C,gen_043,0,1,0.0,0.0,521.7,473.3,999.0,0.0,11.75,999.0,0.0,-1.5,999.0,0.687,0.5507,0.4204,455.09
pair_164,Set C,gen_044,0,1,0.0,0.0,521.7,473.3,999.0,0.0,11.75,999.0,0.0,-1.5,999.0,0.687,0.5507,0.4204,455.01
pair_165,Set C,gen_045,0,0,0.0,0.0,0.0,0.0,0.0,0.0,0.0,0.0,0.0,0.0,0.0,0.1338,0.5611,-0.0324,418.46
pair_166,Set C,gen_046,0,0,0.0,0.0,0.0,0.0,0.0,0.0,0.0,0.0,0.0,0.0,0.0,0.1338,0.5611,-0.0324,399.21
pair_167,Set C,gen_047,0,1,0.0,0.0,719.73,249.3,999.0,0.0,10.75,999.0,0.0,1.0,999.0,0.5523,0.5798,0.2952,483.46
pair_168,Set C,gen_048,0,1,0.0,0.0,719.73,249.3,999.0,0.0,10.75,999.0,0.0,1.0,999.0,0.5523,0.5798,0.2952,538.04
pair_169,Set C,gen_049,0,0,0.0,0.0,0.0,0.0,0.0,0.0,0.0,0.0,0.0,0.0,0.0,0.272,0.5659,0.11,516.57
pair_170,Set C,gen_050,0,0,0.0,0.0,0.0,0.0,0.0,0.0,0.0,0.0,0.0,0.0,0.0,0.272,0.5659,0.11,484.24
pair_171,Set C,gen_051,0,0,0.0,0.0,0.0,0.0,0.0,0.0,0.0,0.0,0.0,0.0,0.0,0.4407,0.6041,0.1962,416.54
pair_172,Set C,gen_052,0,0,0.0,0.0,0.0,0.0,0.0,0.0,0.0,0.0,0.0,0.0,0.0,0.4255,0.6004,0.1895,449.82
pair_173,Set C,gen_053,0,1,0.0,0.0,768.3,954.53,999.0,0.0,12.0,999.0,0.0,0.0,999.0,0.5336,0.6071,0.2554,432.36
pair_174,Set C,gen_054,0,1,0.0,0.0,763.59,953.3,999.0,0.0,10.75,999.0,0.0,-1.5,999.0,0.5552,0.6113,0.2656,399.89
pair_175,Set C,gen_055,0,1,0.0,0.0,180.7,925.63,999.0,0.0,10.25,999.0,0.0,-1.0,999.0,0.5896,0.5879,0.3125,489.58
pair_176,Set C,gen_056,0,1,0.0,0.0,334.7,925.63,999.0,0.0,10.25,999.0,0.0,-1.0,999.0,0.5896,0.5879,0.3125,466.33
pair_177,Set C,gen_057,0,1,0.0,0.0,405.7,191.81,999.0,0.0,9.75,999.0,0.0,0.0,999.0,0.566,0.6129,0.2714,444.74
pair_178,Set C,gen_058,0,0,0.0,0.0,0.0,0.0,0.0,0.0,0.0,0.0,0.0,0.0,0.0,0.4618,0.6072,0.2073,433.19
pair_179,Set C,gen_059,0,1,0.0,0.0,403.2,910.8,999.0,0.0,10.0,999.0,0.0,0.0,999.0,0.5868,0.5643,0.3342,448.89
pair_180,Set C,gen_060,0,1,0.0,0.0,403.2,910.8,999.0,0.0,10.0,999.0,0.0,0.0,999.0,0.5868,0.5643,0.3342,433.26
pair_181,Set D,gen_001,1,1,669.0,376.0,668.2,375.91,0.81,9.44,9.25,0.19,-2.082,-2.5,0.42,0.9954,0.7356,0.9995,549.85
pair_182,Set D,gen_002,1,1,614.0,361.0,613.74,360.58,0.49,8.666,8.75,0.08,4.834,5.0,0.17,0.9965,0.786,0.9941,533.6
pair_183,Set D,gen_003,1,1,521.0,511.0,520.68,510.1,0.96,9.506,9.75,0.24,2.521,2.5,0.02,0.9958,0.8115,0.9414,649.32
pair_184,Set D,gen_004,1,1,382.0,646.0,382.32,646.47,0.57,10.703,10.75,0.05,-1.021,-1.0,0.02,0.9975,0.9548,0.8856,543.1
pair_185,Set D,gen_005,1,1,470.0,520.0,169.26,419.2,317.18,9.43,10.0,0.57,-4.296,0.0,4.3,0.9987,0.9469,0.9955,616.43
pair_186,Set D,gen_006,1,1,297.0,732.0,297.72,531.2,200.8,11.76,10.0,1.76,-4.899,0.0,4.9,0.9986,0.9479,0.985,568.63
pair_187,Set D,gen_007,1,1,454.0,498.0,664.32,497.2,210.32,8.246,10.0,1.75,3.095,0.0,3.1,0.9494,0.9069,0.4216,600.04
pair_188,Set D,gen_008,1,1,378.0,657.0,378.16,936.57,279.57,10.29,10.0,0.29,-1.864,0.0,1.86,0.8433,0.8826,0.238,549.75
pair_189,Set D,gen_009,1,1,481.0,436.0,721.0,756.44,400.35,9.448,10.0,0.55,-0.682,0.0,0.68,0.999,0.9889,0.9996,601.23
pair_190,Set D,gen_010,1,1,389.0,553.0,309.8,313.27,252.47,8.467,10.0,1.53,-0.517,0.0,0.52,0.9893,0.9162,0.6779,584.52
pair_191,Set D,gen_011,1,1,537.0,466.0,701.32,796.34,368.95,10.332,10.0,0.33,2.423,0.0,2.42,0.999,0.9971,0.9972,598.9
pair_192,Set D,gen_012,1,1,490.0,365.0,489.24,199.5,165.5,8.563,10.0,1.44,0.456,0.0,0.46,0.999,0.9906,0.9994,598.99
pair_193,Set D,gen_013,1,1,494.0,722.0,493.2,532.2,189.8,9.412,10.0,0.59,-1.172,0.0,1.17,0.9989,0.9721,0.9978,597.89
pair_194,Set D,gen_014,1,1,346.0,513.0,535.55,608.19,212.11,8.976,10.0,1.02,2.205,0.0,2.21,0.999,0.9865,0.9995,583.11
pair_195,Set D,gen_015,1,1,471.0,392.0,566.8,392.6,95.8,11.101,10.0,1.1,-3.797,0.0,3.8,0.9734,0.9735,0.4666,533.45
pair_196,Set D,gen_016,1,1,274.0,523.0,464.8,618.46,213.35,9.346,10.0,0.65,-3.927,0.0,3.93,0.999,0.9909,0.9998,766.69
pair_197,Set D,gen_017,1,1,482.0,297.0,482.2,296.2,0.82,10.248,10.25,0.0,4.409,4.0,0.41,0.9971,0.9421,0.8726,583.4
pair_198,Set D,gen_018,1,1,537.0,508.0,472.2,747.2,247.82,9.468,10.0,0.53,-3.736,0.0,3.74,0.973,0.9117,0.5259,611.5
pair_199,Set D,gen_019,1,1,513.0,529.0,511.7,528.0,1.64,9.547,9.75,0.2,-4.35,-4.0,0.35,0.9967,0.8993,0.8934,600.77
pair_200,Set D,gen_020,1,1,499.0,277.0,402.95,756.94,489.46,10.825,10.0,0.82,-3.846,0.0,3.85,0.9717,0.9193,0.5102,516.52
