dataset,pair_id,set,gen_id,gt_x,gt_y,gt_theta,gt_scale,gt_found,pred_x,pred_y,pred_theta,pred_scale,pred_found,pred_score,loc_err_px,scale_err,theta_err_deg,gt_in_top5,runtime_ms
ds2_60gen,pair_001,Set A,gen_001,656.0,366.0,-0.385,8.925,1,655.7,366.3,-1.0,9.0,1,0.9971,0.42,0.07,0.61,True,585.44
ds2_60gen,pair_002,Set A,gen_002,686.0,352.0,4.21,9.875,1,687.3,353.3,4.0,9.75,1,0.9987,1.84,0.12,0.21,True,636.74
ds2_60gen,pair_003,Set A,gen_003,471.0,528.0,-0.273,10.763,1,260.44,528.33,0.0,10.0,1,0.9963,210.56,0.76,0.27,False,516.54
ds2_60gen,pair_004,Set A,gen_004,376.0,667.0,-0.673,10.576,1,376.52,736.64,0.0,10.0,1,0.9955,69.64,0.58,0.67,True,543.67
ds2_60gen,pair_005,Set A,gen_005,461.0,464.0,-4.742,11.667,1,611.71,364.8,0.0,10.0,1,0.9986,180.43,1.67,4.74,False,504.67
ds2_60gen,pair_006,Set A,gen_006,328.0,710.0,0.804,8.851,1,127.7,110.75,0.0,10.0,1,0.9987,631.84,1.15,0.8,False,583.31
ds2_60gen,pair_007,Set A,gen_007,501.0,458.0,-1.253,11.655,1,501.39,457.43,-1.0,11.75,1,0.9765,0.69,0.1,0.25,True,432.97
ds2_60gen,pair_008,Set A,gen_008,373.0,619.0,-4.475,10.105,1,373.2,619.2,-3.5,10.25,1,0.9964,0.28,0.14,0.97,True,569.19
ds2_60gen,pair_009,Set A,gen_009,443.0,487.0,3.669,11.142,1,482.97,166.2,0.0,10.0,1,0.9991,323.28,1.14,3.67,False,517.97
ds2_60gen,pair_010,Set A,gen_010,454.0,550.0,1.803,10.236,1,453.2,549.2,1.5,10.25,1,0.9975,1.13,0.01,0.3,True,503.53
ds2_60gen,pair_011,Set A,gen_011,503.0,469.0,-4.612,9.137,1,337.65,633.2,0.0,10.0,1,0.9991,233.03,0.86,4.61,False,516.91
ds2_60gen,pair_012,Set A,gen_012,498.0,310.0,-1.617,9.951,1,827.52,640.8,0.0,10.0,1,0.9991,466.92,0.05,1.62,True,555.31
ds2_60gen,pair_013,Set A,gen_013,479.0,703.0,3.818,9.051,1,763.2,418.7,0.0,10.0,1,0.9991,401.99,0.95,3.82,False,567.05
ds2_60gen,pair_014,Set A,gen_014,339.0,525.0,3.055,9.599,1,623.2,620.67,0.0,10.0,1,0.9991,299.87,0.4,3.06,False,597.38
ds2_60gen,pair_015,Set A,gen_015,501.0,375.0,-3.699,9.086,1,500.38,660.8,0.0,10.0,1,0.9991,285.8,0.91,3.7,False,550.19
ds2_60gen,pair_016,Set A,gen_016,314.0,496.0,-3.474,9.583,1,884.42,496.8,0.0,10.0,1,0.9991,570.42,0.42,3.47,True,573.1
ds2_60gen,pair_017,Set A,gen_017,475.0,303.0,-4.517,9.732,1,538.46,231.8,0.0,10.0,1,0.9969,95.38,0.27,4.52,True,531.6
ds2_60gen,pair_018,Set A,gen_018,489.0,517.0,-4.138,11.437,1,840.2,157.8,0.0,10.0,1,0.9984,502.36,1.44,4.14,False,481.09
ds2_60gen,pair_019,Set A,gen_019,453.0,515.0,0.7,10.857,1,452.2,515.25,1.0,10.25,1,0.9321,0.84,0.61,0.3,True,534.65
ds2_60gen,pair_020,Set A,gen_020,479.0,331.0,-1.047,8.081,1,95.8,331.8,0.0,10.0,1,0.9981,383.2,1.92,1.05,False,516.63
ds2_60gen,pair_021,Set A,gen_021,479.0,482.0,0.115,9.068,1,334.85,242.8,0.0,10.0,1,0.9981,279.28,0.93,0.12,False,586.84
ds2_60gen,pair_022,Set A,gen_022,534.0,323.0,3.758,10.146,1,102.8,442.46,0.0,10.0,1,0.9982,447.44,0.15,3.76,False,483.93
ds2_60gen,pair_023,Set A,gen_023,513.0,482.0,3.763,8.637,1,641.8,482.08,0.0,10.0,1,0.9981,128.8,1.36,3.76,False,617.78
ds2_60gen,pair_024,Set A,gen_024,473.0,324.0,0.983,11.979,1,473.06,323.44,1.0,12.0,1,0.9912,0.56,0.02,0.02,True,433.08
ds2_60gen,pair_025,Set A,gen_025,484.0,537.0,-4.305,9.678,1,483.8,537.8,-4.0,10.0,1,0.9962,0.82,0.32,0.3,True,566.59
ds2_60gen,pair_026,Set A,gen_026,526.0,293.0,-0.249,8.955,1,523.7,288.3,-5.0,11.0,1,0.9923,5.23,2.04,4.75,True,583.4
ds2_60gen,pair_027,Set A,gen_027,487.0,490.0,4.625,10.295,1,927.8,169.2,0.0,10.0,1,0.9988,545.18,0.29,4.62,False,583.86
ds2_60gen,pair_028,Set A,gen_028,515.0,292.0,-3.325,8.782,1,75.8,227.2,0.0,10.0,1,0.9987,443.95,1.22,3.33,False,616.26
ds2_60gen,pair_029,Set A,gen_029,510.0,535.0,4.519,10.895,1,482.8,679.8,0.0,10.0,1,0.9988,147.33,0.89,4.52,False,533.56
ds2_60gen,pair_030,Set A,gen_030,492.0,349.0,-4.182,10.402,1,380.8,204.2,0.0,10.0,1,0.9989,182.57,0.4,4.18,False,549.68
ds2_60gen,pair_031,Set A,gen_031,521.0,537.0,0.506,9.782,1,520.99,537.8,1.0,10.0,1,0.9954,0.8,0.22,0.49,True,582.87
ds2_60gen,pair_032,Set A,gen_032,471.0,318.0,3.636,8.236,1,247.2,178.8,0.0,10.0,1,0.9972,263.56,1.76,3.64,False,549.8
ds2_60gen,pair_033,Set A,gen_033,467.0,481.0,-1.137,8.364,1,466.2,480.7,-1.5,8.25,1,0.8274,0.85,0.11,0.36,True,550.0
ds2_60gen,pair_034,Set A,gen_034,473.0,335.0,-3.576,11.1,1,472.2,338.38,-3.5,10.0,1,0.9814,3.47,1.1,0.08,True,467.83
ds2_60gen,pair_035,Set A,gen_035,532.0,509.0,-1.932,9.174,1,297.2,301.01,0.0,10.0,1,0.999,313.67,0.83,1.93,False,569.44
ds2_60gen,pair_036,Set A,gen_036,495.0,303.0,3.337,10.213,1,364.99,277.0,0.0,10.0,1,0.999,132.58,0.21,3.34,True,550.17
ds2_60gen,pair_037,Set A,gen_037,507.0,471.0,4.163,11.979,1,74.95,879.8,0.0,10.0,1,0.9987,594.8,1.98,4.16,False,466.66
ds2_60gen,pair_038,Set A,gen_038,462.0,330.0,4.42,11.59,1,221.63,497.2,0.0,10.0,1,0.9984,292.8,1.59,4.42,False,483.27
ds2_60gen,pair_039,Set A,gen_039,482.0,475.0,1.761,11.908,1,103.2,187.8,0.0,10.0,1,0.9986,475.37,1.91,1.76,False,466.29
ds2_60gen,pair_040,Set A,gen_040,535.0,311.0,2.194,9.156,1,102.2,599.19,0.0,10.0,1,0.9984,519.97,0.84,2.19,False,549.47
ds2_60gen,pair_041,Set A,gen_041,462.0,496.0,3.476,10.629,1,246.8,207.98,0.0,10.0,1,0.9988,359.54,0.63,3.48,False,515.08
ds2_60gen,pair_042,Set A,gen_042,486.0,305.0,3.742,10.398,1,485.2,160.41,0.0,10.0,1,0.9985,144.59,0.4,3.74,False,533.41
ds2_60gen,pair_043,Set A,gen_043,537.0,494.0,-3.66,11.632,1,465.8,637.2,0.0,10.0,1,0.9988,159.92,1.63,3.66,False,449.98
ds2_60gen,pair_044,Set A,gen_044,464.0,307.0,-1.395,9.008,1,248.8,306.22,0.0,10.0,1,0.9986,215.2,0.99,1.4,False,565.27
ds2_60gen,pair_045,Set A,gen_045,517.0,524.0,2.503,9.838,1,516.2,523.2,2.5,10.0,1,0.9984,1.13,0.16,0.0,True,549.81
ds2_60gen,pair_046,Set A,gen_046,517.0,325.0,-0.877,11.038,1,193.8,612.2,0.0,10.0,1,0.9984,432.37,1.04,0.88,False,516.82
ds2_60gen,pair_047,Set A,gen_047,529.0,529.0,3.489,11.06,1,97.8,145.8,0.0,10.0,1,0.9989,576.87,1.06,3.49,False,466.35
ds2_60gen,pair_048,Set A,gen_048,494.0,287.0,4.507,10.243,1,86.8,118.2,0.0,10.0,1,0.9989,440.8,0.24,4.51,True,549.93
ds2_60gen,pair_049,Set A,gen_049,476.0,478.0,-4.142,10.475,1,590.8,306.18,0.0,10.0,1,0.9989,206.64,0.47,4.14,False,528.71
ds2_60gen,pair_050,Set A,gen_050,476.0,298.0,2.295,8.638,1,544.8,872.23,0.0,10.0,1,0.9989,578.34,1.36,2.29,False,553.06
ds2_60gen,pair_051,Set A,gen_051,475.0,479.0,1.336,10.459,1,618.2,70.41,0.0,10.0,1,0.9987,432.96,0.46,1.34,True,480.26
ds2_60gen,pair_052,Set A,gen_052,525.0,336.0,4.174,8.102,1,908.2,143.78,0.0,10.0,1,0.9987,428.71,1.9,4.17,False,541.87
ds2_60gen,pair_053,Set A,gen_053,538.0,461.0,-2.792,8.601,1,489.66,845.14,0.0,10.0,1,0.9989,387.17,1.4,2.79,False,530.64
ds2_60gen,pair_054,Set A,gen_054,466.0,336.0,-4.393,8.214,1,81.96,143.2,0.0,10.0,1,0.9989,429.72,1.79,4.39,False,479.9
ds2_60gen,pair_055,Set A,gen_055,526.0,479.0,1.258,9.311,1,64.5,114.69,0.0,10.0,1,0.9988,587.97,0.69,1.26,False,611.72
ds2_60gen,pair_056,Set A,gen_056,504.0,293.0,2.048,9.544,1,768.8,68.2,0.0,10.0,1,0.9987,347.35,0.46,2.05,False,523.83
ds2_60gen,pair_057,Set A,gen_057,481.0,468.0,-3.276,10.072,1,480.68,84.8,0.0,10.0,1,0.9989,383.2,0.07,3.28,True,507.26
ds2_60gen,pair_058,Set A,gen_058,536.0,345.0,0.789,11.497,1,535.23,152.96,0.0,10.0,1,0.9987,192.04,1.5,0.79,False,486.49
ds2_60gen,pair_059,Set A,gen_059,477.0,485.0,-4.157,10.716,1,476.97,100.2,0.0,10.0,1,0.9988,384.8,0.72,4.16,False,535.14
ds2_60gen,pair_060,Set A,gen_060,512.0,327.0,4.843,9.265,1,863.2,103.8,0.0,10.0,1,0.9987,416.12,0.73,4.84,False,510.0
ds2_60gen,pair_061,Set A,gen_001,676.0,317.0,2.393,10.852,1,674.7,316.99,2.5,10.75,1,0.9978,1.3,0.1,0.11,True,488.23
ds2_60gen,pair_062,Set A,gen_002,687.0,369.0,3.903,11.051,1,688.3,368.7,5.0,11.25,1,0.9974,1.33,0.2,1.1,True,456.64
ds2_60gen,pair_063,Set A,gen_003,468.0,529.0,0.886,10.077,1,467.66,529.78,1.0,10.25,1,0.9982,0.85,0.17,0.11,True,537.77
ds2_60gen,pair_064,Set A,gen_004,357.0,654.0,-3.082,11.313,1,357.12,304.35,0.0,10.0,1,0.998,349.65,1.31,3.08,False,448.86
ds2_60gen,pair_065,Set A,gen_005,501.0,460.0,-4.654,9.332,1,551.43,109.93,0.0,10.0,1,0.9987,353.68,0.67,4.65,False,524.1
ds2_60gen,pair_066,Set A,gen_006,320.0,702.0,-3.058,8.693,1,670.8,51.24,0.0,10.0,1,0.9987,739.29,1.31,3.06,False,539.77
ds2_60gen,pair_067,Set A,gen_007,520.0,469.0,4.247,9.769,1,518.7,469.3,4.0,9.75,1,0.9965,1.33,0.02,0.25,True,553.97
ds2_60gen,pair_068,Set A,gen_008,322.0,652.0,3.852,8.172,1,462.65,652.8,0.0,10.0,1,0.9978,140.65,1.83,3.85,False,581.48
ds2_60gen,pair_069,Set A,gen_009,438.0,464.0,-1.448,10.308,1,118.8,64.8,0.0,10.0,1,0.9991,511.13,0.31,1.45,False,500.04
ds2_60gen,pair_070,Set A,gen_010,387.0,569.0,4.584,8.195,1,107.01,528.2,0.0,10.0,1,0.9983,282.95,1.8,4.58,False,540.44
ds2_60gen,pair_071,Set B,gen_011,493.0,510.0,-4.039,9.11,1,494.03,509.8,-4.0,10.25,1,0.9882,1.05,1.14,0.04,True,435.23
ds2_60gen,pair_072,Set B,gen_012,531.0,327.0,-3.171,11.95,1,536.21,848.2,-3.5,10.0,1,0.9891,521.23,1.95,0.33,False,534.96
ds2_60gen,pair_073,Set B,gen_013,497.0,709.0,-3.481,10.311,1,496.8,731.16,-2.5,10.25,1,0.9905,22.16,0.06,0.98,False,562.99
ds2_60gen,pair_074,Set B,gen_014,322.0,462.0,3.369,11.56,1,301.3,456.7,4.0,9.75,1,0.9847,21.37,1.81,0.63,False,552.17
ds2_60gen,pair_075,Set B,gen_015,474.0,389.0,-2.255,8.026,1,480.3,407.3,-4.0,9.75,1,0.9937,19.35,1.72,1.75,False,442.68
ds2_60gen,pair_076,Set B,gen_016,327.0,498.0,4.124,8.943,1,342.8,499.8,2.5,10.25,1,0.9943,15.9,1.31,1.62,True,471.86
ds2_60gen,pair_077,Set B,gen_017,460.0,288.0,0.439,9.167,1,460.75,286.2,3.5,10.25,1,0.9618,1.95,1.08,3.06,True,599.87
ds2_60gen,pair_078,Set B,gen_018,487.0,533.0,-4.91,9.264,1,487.3,541.28,2.5,8.0,1,0.9401,8.29,1.26,7.41,True,567.39
ds2_60gen,pair_079,Set B,gen_019,503.0,522.0,-4.19,9.34,1,502.19,524.71,-1.5,9.0,1,0.919,2.83,0.34,2.69,True,514.95
ds2_60gen,pair_080,Set B,gen_020,489.0,285.0,-3.206,11.535,1,489.7,316.7,-1.0,12.0,1,0.9533,31.71,0.46,2.21,False,415.64
ds2_60gen,pair_081,Set B,gen_021,494.0,525.0,-3.086,9.155,1,572.8,526.8,-1.0,10.25,1,0.968,78.82,1.1,2.09,False,539.66
ds2_60gen,pair_082,Set B,gen_022,495.0,309.0,0.432,9.462,1,498.3,331.59,-3.5,12.0,1,0.9526,22.83,2.54,3.93,False,492.16
ds2_60gen,pair_083,Set B,gen_023,526.0,503.0,-3.508,11.99,1,521.89,502.3,1.0,12.0,1,0.9426,4.17,0.01,4.51,True,469.19
ds2_60gen,pair_084,Set B,gen_024,487.0,295.0,-2.622,10.161,1,487.65,285.96,3.5,11.25,1,0.9363,9.06,1.09,6.12,True,499.11
ds2_60gen,pair_085,Set B,gen_025,474.0,537.0,3.517,9.19,1,464.7,542.7,5.0,11.25,1,0.9715,10.91,2.06,1.48,True,521.3
ds2_60gen,pair_086,Set B,gen_026,461.0,305.0,2.867,10.877,1,462.3,304.98,2.5,10.75,1,0.9934,1.3,0.13,0.37,True,496.47
ds2_60gen,pair_087,Set B,gen_027,467.0,514.0,2.22,11.723,1,907.8,353.2,0.0,10.0,1,0.9984,469.21,1.72,2.22,False,509.33
ds2_60gen,pair_088,Set B,gen_028,530.0,338.0,-0.649,10.697,1,531.2,317.8,5.0,9.25,1,0.926,20.24,1.45,5.65,False,589.09
ds2_60gen,pair_089,Set B,gen_029,478.0,474.0,-4.55,10.454,1,65.3,54.3,1.0,9.75,1,0.9614,588.62,0.7,5.55,False,435.73
ds2_60gen,pair_090,Set B,gen_030,471.0,314.0,4.778,8.4,1,217.3,451.7,-1.0,9.0,1,0.9714,288.66,0.6,5.78,False,514.47
ds2_60gen,pair_091,Set B,gen_031,509.0,464.0,3.603,9.032,1,514.3,460.3,2.5,9.0,1,0.8457,6.46,0.03,1.1,True,531.75
ds2_60gen,pair_092,Set B,gen_032,509.0,299.0,2.428,11.245,1,509.8,299.8,-1.0,10.25,1,0.979,1.13,0.99,3.43,True,511.91
ds2_60gen,pair_093,Set B,gen_033,497.0,468.0,3.084,9.062,1,489.7,455.3,1.5,12.0,1,0.8973,14.65,2.94,1.58,True,545.09
ds2_60gen,pair_094,Set B,gen_034,516.0,338.0,-0.376,8.487,1,512.75,368.2,-1.0,10.25,1,0.9691,30.37,1.76,0.62,False,499.4
ds2_60gen,pair_095,Set B,gen_035,467.0,475.0,4.302,11.897,1,471.7,410.7,3.5,10.75,1,0.9489,64.47,1.15,0.8,False,432.58
ds2_60gen,pair_096,Set B,gen_036,524.0,285.0,-3.802,9.228,1,518.7,313.45,-3.5,10.75,1,0.9912,28.94,1.52,0.3,False,446.45
ds2_60gen,pair_097,Set B,gen_037,510.0,471.0,0.69,9.326,1,509.3,474.3,1.5,10.75,1,0.9839,3.37,1.42,0.81,True,520.13
ds2_60gen,pair_098,Set B,gen_038,473.0,339.0,-4.413,10.62,1,468.2,315.2,-3.5,9.25,1,0.9882,24.28,1.37,0.91,False,558.9
ds2_60gen,pair_099,Set B,gen_039,468.0,505.0,0.221,8.747,1,476.17,504.15,1.0,10.75,1,0.9224,8.21,2.0,0.78,True,568.58
ds2_60gen,pair_100,Set B,gen_040,505.0,345.0,-2.425,11.178,1,507.8,335.8,-1.5,10.25,1,0.7949,9.62,0.93,0.92,True,599.31
ds2_60gen,pair_101,Set B,gen_041,507.0,502.0,1.639,8.993,1,446.71,179.7,0.0,9.0,1,0.6343,327.89,0.01,1.64,False,526.0
ds2_60gen,pair_102,Set B,gen_042,535.0,294.0,-0.804,9.614,1,530.3,326.3,-1.0,11.25,1,0.5114,32.64,1.64,0.2,False,427.68
ds2_60gen,pair_103,Set B,gen_043,496.0,534.0,-1.19,10.554,1,681.3,98.19,-1.5,10.75,1,0.8705,473.57,0.2,0.31,False,419.77
ds2_60gen,pair_104,Set B,gen_044,523.0,275.0,0.773,9.993,1,0.0,0.0,0.0,0.0,0,0.3745,999.0,999.0,999.0,False,525.58
ds2_60gen,pair_105,Set B,gen_045,495.0,477.0,3.546,9.053,1,478.8,555.2,-1.0,10.0,1,0.8025,79.86,0.95,4.55,False,544.74
ds2_60gen,pair_106,Set B,gen_046,508.0,299.0,4.157,11.458,1,310.7,133.39,-1.0,11.25,1,0.6959,257.59,0.21,5.16,False,436.14
ds2_60gen,pair_107,Set B,gen_047,513.0,519.0,-3.513,11.514,1,591.3,443.7,-1.5,9.75,1,0.994,108.63,1.76,2.01,False,562.89
ds2_60gen,pair_108,Set B,gen_048,511.0,275.0,1.32,8.942,1,375.2,626.2,-4.0,8.75,1,0.6965,376.54,0.19,5.32,False,516.65
ds2_60gen,pair_109,Set B,gen_049,537.0,534.0,-1.936,9.096,1,532.2,530.8,-1.5,10.25,1,0.9983,5.77,1.15,0.44,True,553.76
ds2_60gen,pair_110,Set B,gen_050,522.0,285.0,4.503,9.173,1,504.8,501.2,1.0,10.25,1,0.9971,216.88,1.08,3.5,False,563.88
ds2_60gen,pair_111,Set B,gen_051,473.0,489.0,3.342,8.963,1,475.3,490.3,3.5,9.75,1,0.9964,2.64,0.79,0.16,True,522.19
ds2_60gen,pair_112,Set B,gen_052,519.0,293.0,1.163,10.765,1,914.3,728.3,1.5,11.0,1,0.9726,588.0,0.23,0.34,False,431.69
ds2_60gen,pair_113,Set B,gen_053,523.0,522.0,3.244,10.813,1,523.2,524.8,3.5,10.25,1,0.9953,2.81,0.56,0.26,True,553.72
ds2_60gen,pair_114,Set B,gen_054,532.0,324.0,-0.964,11.037,1,534.8,309.8,-1.0,10.25,1,0.9985,14.47,0.79,0.04,False,591.95
ds2_60gen,pair_115,Set B,gen_055,537.0,465.0,-1.886,10.295,1,317.74,885.07,-1.0,10.0,1,0.996,473.85,0.29,0.89,False,558.18
ds2_60gen,pair_116,Set B,gen_056,508.0,326.0,-2.405,9.196,1,292.2,257.2,1.0,8.75,1,0.5799,226.5,0.45,3.4,False,480.98
ds2_60gen,pair_117,Set B,gen_057,537.0,462.0,0.505,9.646,1,539.3,697.7,-1.5,9.75,1,0.9929,235.71,0.1,2.0,False,516.86
ds2_60gen,pair_118,Set B,gen_058,522.0,324.0,0.062,8.563,1,523.2,656.2,-1.5,9.25,1,0.9915,332.2,0.69,1.56,False,502.3
ds2_60gen,pair_119,Set B,gen_059,525.0,502.0,-2.052,8.912,1,909.8,693.2,0.0,10.0,1,0.9984,429.68,1.09,2.05,False,537.24
ds2_60gen,pair_120,Set B,gen_060,482.0,335.0,1.237,10.218,1,321.7,521.7,-3.5,11.75,1,0.8931,246.08,1.53,4.74,False,424.94
ds2_60gen,pair_121,Set B,gen_001,632.0,353.0,4.818,10.892,1,642.3,342.3,3.5,10.75,1,0.9949,14.85,0.14,1.32,True,534.15
ds2_60gen,pair_122,Set B,gen_002,630.0,374.0,-4.12,8.879,1,611.3,393.3,-3.5,10.75,1,0.9951,26.87,1.87,0.62,False,483.42
ds2_60gen,pair_123,Set B,gen_003,515.0,486.0,4.612,11.459,1,935.8,486.8,0.0,10.0,1,0.9908,420.8,1.46,4.61,True,483.95
ds2_60gen,pair_124,Set B,gen_004,319.0,619.0,-2.102,10.593,1,308.8,626.2,-5.0,9.25,1,0.9442,12.49,1.34,2.9,True,595.94
ds2_60gen,pair_125,Set B,gen_005,506.0,527.0,1.108,8.485,1,56.8,227.8,0.0,10.0,1,0.9975,539.72,1.52,1.11,False,538.03
ds2_60gen,pair_126,Set B,gen_006,320.0,694.0,-3.066,9.76,1,296.3,721.3,-2.5,9.0,1,0.6103,36.15,0.76,0.57,False,533.62
ds2_60gen,pair_127,Set B,gen_007,529.0,516.0,-1.802,9.258,1,532.89,518.8,-2.5,8.75,1,0.8862,4.79,0.51,0.7,True,549.89
ds2_60gen,pair_128,Set B,gen_008,322.0,664.0,1.795,11.313,1,309.8,674.2,-1.0,9.25,1,0.9941,15.9,2.06,2.79,False,550.17
ds2_60gen,pair_129,Set B,gen_009,424.0,496.0,-2.9,9.781,1,429.7,494.7,-2.5,11.0,1,0.9241,5.85,1.22,0.4,True,466.63
ds2_60gen,pair_130,Set B,gen_010,422.0,556.0,-3.047,8.653,1,102.2,475.2,-1.5,10.25,1,0.9816,329.85,1.6,1.55,False,553.43
ds2_60gen,pair_131,Set B,gen_011,518.0,494.0,-2.377,11.598,1,517.2,823.26,-1.0,10.0,1,0.9982,329.26,1.6,1.38,False,499.79
ds2_60gen,pair_132,Set B,gen_012,476.0,344.0,3.944,8.078,1,452.7,341.3,4.0,10.75,1,0.8255,23.46,2.67,0.06,False,533.43
ds2_60gen,pair_133,Set B,gen_013,485.0,716.0,2.456,10.355,1,480.3,755.3,1.5,9.75,1,0.9786,39.58,0.61,0.96,False,550.38
ds2_60gen,pair_134,Set B,gen_014,286.0,460.0,4.681,10.79,1,820.3,464.7,2.5,11.25,1,0.9925,534.32,0.46,2.18,False,416.56
ds2_60gen,pair_135,Set B,gen_015,538.0,441.0,-4.587,11.644,1,531.7,701.7,-1.0,10.75,1,0.9905,260.78,0.89,3.59,True,452.29
ds2_60gen,pair_136,Set B,gen_016,334.0,492.0,-2.702,9.992,1,638.7,912.7,1.0,10.75,1,0.9893,519.45,0.76,3.7,False,522.91
ds2_60gen,pair_137,Set B,gen_017,508.0,304.0,-2.388,8.081,1,509.2,325.8,2.5,9.25,1,0.881,21.83,1.17,4.89,False,578.2
ds2_60gen,pair_138,Set B,gen_018,471.0,539.0,1.366,11.161,1,0.0,0.0,0.0,0.0,0,0.4877,999.0,999.0,999.0,True,444.45
ds2_60gen,pair_139,Set B,gen_019,460.0,514.0,2.527,8.676,1,460.2,512.2,2.5,9.25,1,0.8506,1.81,0.57,0.03,True,563.91
ds2_60gen,pair_140,Set B,gen_020,501.0,307.0,-1.847,9.258,1,501.73,288.82,-1.0,8.75,1,0.7398,18.19,0.51,0.85,False,551.74
ds2_60gen,pair_141,Set C,gen_021,0.0,0.0,0.0,0.0,0,504.93,502.87,0.0,8.0,1,0.748,999.0,999.0,999.0,False,465.22
ds2_60gen,pair_142,Set C,gen_022,0.0,0.0,0.0,0.0,0,504.95,503.82,0.0,8.0,1,0.7462,999.0,999.0,999.0,False,443.43
ds2_60gen,pair_143,Set C,gen_023,0.0,0.0,0.0,0.0,0,0.0,0.0,0.0,0.0,0,0.2071,0.0,0.0,0.0,False,385.02
ds2_60gen,pair_144,Set C,gen_024,0.0,0.0,0.0,0.0,0,0.0,0.0,0.0,0.0,0,0.2071,0.0,0.0,0.0,False,401.73
ds2_60gen,pair_145,Set C,gen_025,0.0,0.0,0.0,0.0,0,0.0,0.0,0.0,0.0,0,0.4377,0.0,0.0,0.0,False,451.44
ds2_60gen,pair_146,Set C,gen_026,0.0,0.0,0.0,0.0,0,0.0,0.0,0.0,0.0,0,0.4377,0.0,0.0,0.0,False,440.44
ds2_60gen,pair_147,Set C,gen_027,0.0,0.0,0.0,0.0,0,374.7,474.3,3.5,10.75,1,0.6095,999.0,999.0,999.0,False,434.04
ds2_60gen,pair_148,Set C,gen_028,0.0,0.0,0.0,0.0,0,374.7,474.3,3.5,10.75,1,0.6095,999.0,999.0,999.0,False,408.22
ds2_60gen,pair_149,Set C,gen_029,0.0,0.0,0.0,0.0,0,696.3,211.37,-1.0,9.75,1,0.9785,999.0,999.0,999.0,False,541.69
ds2_60gen,pair_150,Set C,gen_030,0.0,0.0,0.0,0.0,0,696.3,211.37,-1.0,9.75,1,0.9785,999.0,999.0,999.0,False,561.56
ds2_60gen,pair_151,Set C,gen_031,0.0,0.0,0.0,0.0,0,509.95,521.02,1.5,12.0,1,0.8124,999.0,999.0,999.0,False,467.35
ds2_60gen,pair_152,Set C,gen_032,0.0,0.0,0.0,0.0,0,509.95,521.02,1.5,12.0,1,0.8115,999.0,999.0,999.0,False,458.88
ds2_60gen,pair_153,Set C,gen_033,0.0,0.0,0.0,0.0,0,521.7,526.24,0.0,9.75,1,0.9667,999.0,999.0,999.0,False,513.88
ds2_60gen,pair_154,Set C,gen_034,0.0,0.0,0.0,0.0,0,521.7,526.24,0.0,9.75,1,0.9667,999.0,999.0,999.0,False,507.76
ds2_60gen,pair_155,Set C,gen_035,0.0,0.0,0.0,0.0,0,0.0,0.0,0.0,0.0,0,0.2473,0.0,0.0,0.0,False,382.58
ds2_60gen,pair_156,Set C,gen_036,0.0,0.0,0.0,0.0,0,0.0,0.0,0.0,0.0,0,0.2473,0.0,0.0,0.0,False,374.33
ds2_60gen,pair_157,Set C,gen_037,0.0,0.0,0.0,0.0,0,490.7,503.3,-1.5,10.75,1,0.8918,999.0,999.0,999.0,False,403.33
ds2_60gen,pair_158,Set C,gen_038,0.0,0.0,0.0,0.0,0,490.7,503.3,-1.5,10.75,1,0.8918,999.0,999.0,999.0,False,377.42
ds2_60gen,pair_159,Set C,gen_039,0.0,0.0,0.0,0.0,0,0.0,0.0,0.0,0.0,0,0.2067,0.0,0.0,0.0,False,425.26
ds2_60gen,pair_160,Set C,gen_040,0.0,0.0,0.0,0.0,0,0.0,0.0,0.0,0.0,0,0.2067,0.0,0.0,0.0,False,419.44
ds2_60gen,pair_161,Set C,gen_041,0.0,0.0,0.0,0.0,0,529.7,534.8,3.5,9.75,1,0.8139,999.0,999.0,999.0,False,481.36
ds2_60gen,pair_162,Set C,gen_042,0.0,0.0,0.0,0.0,0,529.7,534.8,3.5,9.75,1,0.8139,999.0,999.0,999.0,False,478.53
ds2_60gen,pair_163,Set C,gen_043,0.0,0.0,0.0,0.0,0,519.2,479.2,1.5,10.0,1,0.7108,999.0,999.0,999.0,False,419.45
ds2_60gen,pair_164,Set C,gen_044,0.0,0.0,0.0,0.0,0,519.2,479.2,1.5,10.0,1,0.7108,999.0,999.0,999.0,False,421.73
ds2_60gen,pair_165,Set C,gen_045,0.0,0.0,0.0,0.0,0,0.0,0.0,0.0,0.0,0,0.2561,0.0,0.0,0.0,False,438.42
ds2_60gen,pair_166,Set C,gen_046,0.0,0.0,0.0,0.0,0,0.0,0.0,0.0,0.0,0,0.2561,0.0,0.0,0.0,False,408.93
ds2_60gen,pair_167,Set C,gen_047,0.0,0.0,0.0,0.0,0,0.0,0.0,0.0,0.0,0,0.4116,0.0,0.0,0.0,False,431.01
ds2_60gen,pair_168,Set C,gen_048,0.0,0.0,0.0,0.0,0,0.0,0.0,0.0,0.0,0,0.4116,0.0,0.0,0.0,False,412.33
ds2_60gen,pair_169,Set C,gen_049,0.0,0.0,0.0,0.0,0,505.88,507.39,1.5,9.75,1,0.8913,999.0,999.0,999.0,False,514.79
ds2_60gen,pair_170,Set C,gen_050,0.0,0.0,0.0,0.0,0,505.88,507.39,1.5,9.75,1,0.8913,999.0,999.0,999.0,False,500.49
ds2_60gen,pair_171,Set C,gen_051,0.0,0.0,0.0,0.0,0,858.3,891.3,0.0,10.75,1,0.5538,999.0,999.0,999.0,False,523.49
ds2_60gen,pair_172,Set C,gen_052,0.0,0.0,0.0,0.0,0,507.3,506.3,-1.5,11.0,1,0.6755,999.0,999.0,999.0,False,451.89
ds2_60gen,pair_173,Set C,gen_053,0.0,0.0,0.0,0.0,0,529.88,550.42,5.0,10.75,1,0.7905,999.0,999.0,999.0,False,392.83
ds2_60gen,pair_174,Set C,gen_054,0.0,0.0,0.0,0.0,0,437.78,546.7,-5.0,10.75,1,0.7821,999.0,999.0,999.0,False,403.26
ds2_60gen,pair_175,Set C,gen_055,0.0,0.0,0.0,0.0,0,373.8,545.8,-2.5,10.25,1,0.8602,999.0,999.0,999.0,False,390.15
ds2_60gen,pair_176,Set C,gen_056,0.0,0.0,0.0,0.0,0,373.8,545.8,-2.5,10.25,1,0.8602,999.0,999.0,999.0,False,397.21
ds2_60gen,pair_177,Set C,gen_057,0.0,0.0,0.0,0.0,0,432.8,528.87,0.0,9.25,1,0.7957,999.0,999.0,999.0,False,447.44
ds2_60gen,pair_178,Set C,gen_058,0.0,0.0,0.0,0.0,0,57.7,957.7,-5.0,12.0,1,0.6542,999.0,999.0,999.0,False,404.33
ds2_60gen,pair_179,Set C,gen_059,0.0,0.0,0.0,0.0,0,880.8,939.2,0.0,8.75,1,0.6813,999.0,999.0,999.0,False,488.15
ds2_60gen,pair_180,Set C,gen_060,0.0,0.0,0.0,0.0,0,880.8,939.2,0.0,8.75,1,0.6813,999.0,999.0,999.0,False,514.97
ds2_60gen,pair_181,Set D,gen_001,669.0,376.0,-2.082,9.44,1,668.2,376.8,-2.5,9.25,1,0.9976,1.13,0.19,0.42,True,575.69
ds2_60gen,pair_182,Set D,gen_002,614.0,361.0,4.834,8.666,1,613.2,361.8,5.0,8.75,1,0.9969,1.13,0.08,0.17,True,562.15
ds2_60gen,pair_183,Set D,gen_003,521.0,511.0,2.521,9.506,1,519.75,509.7,2.5,9.75,1,0.9888,1.8,0.24,0.02,True,637.75
ds2_60gen,pair_184,Set D,gen_004,382.0,646.0,-1.021,10.703,1,732.23,646.77,0.0,10.0,1,0.9979,350.23,0.7,1.02,True,603.77
ds2_60gen,pair_185,Set D,gen_005,470.0,520.0,-4.296,9.43,1,570.8,720.8,0.0,10.0,1,0.9987,224.68,0.57,4.3,False,600.01
ds2_60gen,pair_186,Set D,gen_006,297.0,732.0,-4.899,11.76,1,597.68,132.8,0.0,10.0,1,0.9986,670.41,1.76,4.9,False,556.51
ds2_60gen,pair_187,Set D,gen_007,454.0,498.0,3.095,8.246,1,803.2,498.44,0.0,10.0,1,0.9983,349.2,1.75,3.1,False,586.07
ds2_60gen,pair_188,Set D,gen_008,378.0,657.0,-1.864,10.29,1,448.69,656.66,0.0,10.0,1,0.9978,70.69,0.29,1.86,True,528.8
ds2_60gen,pair_189,Set D,gen_009,481.0,436.0,-0.682,9.448,1,440.99,236.8,0.0,10.0,1,0.999,203.18,0.55,0.68,False,614.29
ds2_60gen,pair_190,Set D,gen_010,389.0,553.0,-0.517,8.467,1,228.98,592.2,0.0,10.0,1,0.9983,164.75,1.53,0.52,False,559.24
ds2_60gen,pair_191,Set D,gen_011,537.0,466.0,2.423,10.332,1,371.73,465.2,0.0,10.0,1,0.999,165.27,0.33,2.42,False,494.35
ds2_60gen,pair_192,Set D,gen_012,490.0,365.0,0.456,8.563,1,490.58,530.15,0.0,10.0,1,0.999,165.15,1.44,0.46,False,592.45
ds2_60gen,pair_193,Set D,gen_013,494.0,722.0,-1.172,9.412,1,304.77,532.7,0.0,10.0,1,0.999,267.66,0.59,1.17,False,589.42
ds2_60gen,pair_194,Set D,gen_014,346.0,513.0,2.205,8.976,1,535.2,608.68,0.0,10.0,1,0.999,212.02,1.02,2.21,False,566.52
ds2_60gen,pair_195,Set D,gen_015,471.0,392.0,-3.797,11.101,1,186.49,582.8,0.0,10.0,1,0.9985,342.56,1.1,3.8,False,511.35
ds2_60gen,pair_196,Set D,gen_016,274.0,523.0,-3.927,9.346,1,464.46,808.8,0.0,10.0,1,0.999,343.45,0.65,3.93,False,558.15
ds2_60gen,pair_197,Set D,gen_017,482.0,297.0,4.409,10.248,1,898.8,417.8,0.0,10.0,1,0.9983,433.95,0.25,4.41,False,541.22
ds2_60gen,pair_198,Set D,gen_018,537.0,508.0,-3.736,9.468,1,408.24,748.14,0.0,10.0,1,0.9983,272.48,0.53,3.74,False,576.65
ds2_60gen,pair_199,Set D,gen_019,513.0,529.0,-4.35,9.547,1,513.12,529.8,-3.5,10.0,1,0.9594,0.81,0.45,0.85,True,557.06
ds2_60gen,pair_200,Set D,gen_020,499.0,277.0,-3.846,10.825,1,498.7,276.2,-4.0,10.75,1,0.979,0.85,0.07,0.15,True,486.4
ds1_generic,pair_001,Set A,generic,345.49,650.25,0.199,8.136,1,311.2,684.25,1.0,10.25,1,0.9554,48.29,2.11,0.8,False,503.05
ds1_generic,pair_002,Set A,generic,638.97,278.05,1.374,9.726,1,638.11,277.7,1.5,9.75,1,0.9978,0.93,0.02,0.13,True,515.66
ds1_generic,pair_003,Set A,generic,537.43,567.65,3.284,8.139,1,518.8,588.8,2.5,10.0,1,0.8047,28.19,1.86,0.78,True,503.38
ds1_generic,pair_004,Set A,generic,444.42,349.94,4.601,11.983,1,475.7,345.3,4.0,10.75,1,0.5764,31.62,1.23,0.6,False,395.0
ds1_generic,pair_005,Set A,generic,526.35,438.55,0.134,11.496,1,527.3,439.3,0.0,11.75,1,0.869,1.21,0.25,0.13,True,455.47
ds1_generic,pair_006,Set A,generic,368.35,645.89,-2.642,8.227,1,314.39,560.33,0.0,10.0,1,0.8727,101.15,1.77,2.64,False,516.97
ds1_generic,pair_007,Set A,generic,679.32,613.4,1.824,8.683,1,0.0,0.0,0.0,0.0,0,0.4511,999.0,999.0,999.0,False,502.25
ds1_generic,pair_008,Set A,generic,524.71,254.06,-2.5,10.541,1,523.7,253.7,-2.5,10.75,1,0.9899,1.07,0.21,0.0,True,473.36
ds1_generic,pair_009,Set A,generic,357.51,682.57,-4.32,10.241,1,357.2,682.2,-4.0,10.25,1,0.9952,0.48,0.01,0.32,True,515.24
ds1_generic,pair_010,Set A,generic,344.2,437.18,-4.375,9.63,1,345.3,436.38,-4.0,9.75,1,0.9751,1.36,0.12,0.38,True,570.43
ds1_generic,pair_011,Set A,generic,325.81,655.08,-3.539,11.352,1,327.3,653.7,-3.5,11.25,1,0.8141,2.03,0.1,0.04,True,433.41
ds1_generic,pair_012,Set A,generic,578.32,510.64,3.564,9.969,1,577.2,511.2,3.5,10.0,1,0.9976,1.25,0.03,0.06,True,479.31
ds1_generic,pair_013,Set A,generic,325.99,420.02,3.45,8.595,1,275.11,378.3,-3.5,9.0,1,0.7859,65.8,0.4,6.95,False,487.7
ds1_generic,pair_014,Set A,generic,739.75,438.69,-2.763,10.133,1,739.8,438.66,-3.5,10.0,1,0.9967,0.06,0.13,0.74,True,477.23
ds1_generic,pair_015,Set A,generic,257.19,566.01,1.372,9.379,1,257.8,566.8,1.5,9.25,1,0.9852,1.0,0.13,0.13,True,574.57
ds1_generic,pair_016,Set A,generic,378.89,509.86,2.721,9.967,1,379.8,510.8,2.5,10.0,1,0.9988,1.31,0.03,0.22,True,552.39
ds1_generic,pair_017,Set A,generic,438.26,270.88,-2.725,9.773,1,438.14,271.8,-2.5,10.0,1,0.9895,0.93,0.23,0.23,True,553.52
ds1_generic,pair_018,Set A,generic,496.91,359.85,2.277,11.147,1,498.3,359.7,2.5,11.25,1,0.8072,1.4,0.1,0.22,True,422.32
ds1_generic,pair_019,Set A,generic,288.43,623.51,1.214,10.414,1,288.8,615.8,-1.0,10.0,1,0.9634,7.72,0.41,2.21,True,501.48
ds1_generic,pair_020,Set A,generic,404.19,360.01,3.141,9.783,1,403.2,360.8,3.5,10.0,1,0.9957,1.27,0.22,0.36,True,516.86
ds1_generic,pair_021,Set A,generic,744.95,569.89,4.157,11.132,1,746.3,568.7,4.0,11.25,1,0.9602,1.8,0.12,0.16,True,435.72
ds1_generic,pair_022,Set A,generic,616.71,314.74,1.323,11.067,1,621.47,318.65,1.0,9.75,1,0.7926,6.16,1.32,0.32,True,499.67
ds1_generic,pair_023,Set A,generic,363.79,377.38,-1.891,8.668,1,322.7,375.3,-5.0,8.0,1,0.5056,41.14,0.67,3.11,False,497.92
ds1_generic,pair_024,Set A,generic,715.48,534.72,3.92,10.877,1,716.3,534.75,4.0,10.75,1,0.9387,0.82,0.13,0.08,True,509.66
ds1_generic,pair_025,Set A,generic,618.36,696.75,1.949,10.252,1,617.42,697.8,1.5,10.25,1,0.9947,1.41,0.0,0.45,True,549.97
ds1_generic,pair_026,Set A,generic,708.48,677.62,-1.81,10.539,1,709.8,678.8,-1.0,10.25,1,0.9737,1.77,0.29,0.81,True,500.45
ds1_generic,pair_027,Set A,generic,386.91,442.07,0.344,10.239,1,386.64,441.43,0.0,10.25,1,0.9939,0.69,0.01,0.34,True,527.37
ds1_generic,pair_028,Set A,generic,440.06,658.04,-2.53,8.359,1,0.0,0.0,0.0,0.0,0,0.3944,999.0,999.0,999.0,True,481.79
ds1_generic,pair_029,Set A,generic,733.59,731.39,-1.686,9.462,1,733.82,731.3,-1.0,9.75,1,0.9811,0.25,0.29,0.69,True,548.31
ds1_generic,pair_030,Set A,generic,674.05,529.85,-3.89,10.379,1,673.41,529.2,-4.0,10.25,1,0.99,0.91,0.13,0.11,True,472.09
ds1_generic,pair_031,Set A,generic,365.66,474.9,-2.686,10.118,1,365.2,475.73,-1.5,10.25,1,0.9974,0.95,0.13,1.19,True,504.26
ds1_generic,pair_032,Set A,generic,405.73,602.0,-1.927,9.614,1,405.96,600.89,-1.5,9.75,1,0.989,1.13,0.14,0.43,True,528.2
ds1_generic,pair_033,Set A,generic,520.47,264.36,-0.188,9.826,1,520.8,264.8,0.0,10.0,1,0.9955,0.55,0.17,0.19,True,605.97
ds1_generic,pair_034,Set A,generic,290.01,517.03,4.004,8.891,1,278.98,544.7,2.5,9.75,1,0.6595,29.79,0.86,1.5,False,510.77
ds1_generic,pair_035,Set A,generic,672.61,705.84,-2.098,9.144,1,715.3,771.3,-1.5,8.0,1,0.9105,78.15,1.14,0.6,False,542.95
ds1_generic,pair_036,Set A,generic,735.42,562.35,2.396,10.527,1,723.32,550.2,0.0,10.0,1,0.9779,17.15,0.53,2.4,True,531.01
ds1_generic,pair_037,Set A,generic,481.4,414.18,0.638,11.972,1,480.81,413.7,0.0,11.75,1,0.9177,0.76,0.22,0.64,True,458.89
ds1_generic,pair_038,Set A,generic,728.72,664.28,4.8,9.575,1,728.0,662.7,5.0,9.75,1,0.9831,1.74,0.18,0.2,True,551.14
ds1_generic,pair_039,Set A,generic,353.87,510.5,-2.622,11.403,1,339.3,509.35,1.0,11.25,1,0.9422,14.62,0.15,3.62,False,466.07
ds1_generic,pair_040,Set A,generic,721.87,606.32,-1.954,10.291,1,721.99,607.8,-1.5,10.25,1,0.9948,1.48,0.04,0.45,True,532.36
ds1_generic,pair_041,Set A,generic,314.49,709.67,-2.218,8.937,1,307.7,715.8,-1.5,10.25,1,0.9767,9.15,1.31,0.72,True,517.44
ds1_generic,pair_042,Set A,generic,304.75,630.32,3.991,11.983,1,305.3,629.7,4.0,12.0,1,0.9304,0.83,0.02,0.01,True,424.16
ds1_generic,pair_043,Set A,generic,443.42,322.52,-2.406,8.829,1,437.2,317.8,5.0,8.75,1,0.9635,7.81,0.08,7.41,True,509.88
ds1_generic,pair_044,Set A,generic,526.81,446.33,3.731,11.1,1,925.87,681.3,-3.5,8.0,1,0.644,463.1,3.1,7.23,False,376.5
ds1_generic,pair_045,Set A,generic,566.65,444.96,-4.907,8.306,1,597.7,453.3,-1.5,9.75,1,0.8575,32.15,1.44,3.41,False,488.72
ds1_generic,pair_046,Set A,generic,462.05,430.38,0.386,8.984,1,434.3,411.2,5.0,8.75,1,0.7389,33.73,0.23,4.61,False,608.97
ds1_generic,pair_047,Set A,generic,485.56,455.76,-2.755,8.359,1,503.18,435.2,-2.5,10.25,1,0.9662,27.08,1.89,0.25,True,487.75
ds1_generic,pair_048,Set A,generic,550.64,516.12,1.512,11.903,1,547.56,537.77,0.0,10.75,1,0.8849,21.87,1.15,1.51,False,398.37
ds1_generic,pair_049,Set A,generic,683.94,385.05,-0.548,8.061,1,665.09,403.7,-1.0,9.75,1,0.8993,26.52,1.69,0.45,False,504.14
ds1_generic,pair_050,Set A,generic,557.49,364.27,-1.923,8.353,1,562.8,389.64,-1.5,10.0,1,0.8204,25.92,1.65,0.42,False,512.4
ds1_generic,pair_051,Set A,generic,613.2,623.89,2.813,9.051,1,589.2,605.8,-1.5,9.25,1,0.7948,30.05,0.2,4.31,False,560.05
ds1_generic,pair_052,Set A,generic,303.1,481.29,0.165,10.377,1,303.41,481.3,0.0,10.75,1,0.9774,0.31,0.37,0.17,True,512.24
ds1_generic,pair_053,Set A,generic,449.44,347.23,-0.402,10.877,1,438.48,315.8,3.5,10.25,1,0.935,33.29,0.63,3.9,True,516.28
ds1_generic,pair_054,Set A,generic,347.69,565.8,1.238,8.079,1,346.7,566.3,1.0,8.0,1,0.8653,1.11,0.08,0.24,True,503.19
ds1_generic,pair_055,Set A,generic,424.69,721.34,-0.846,8.417,1,447.2,700.2,-1.0,10.25,1,0.9288,30.88,1.83,0.15,False,511.98
ds1_generic,pair_056,Set A,generic,712.3,663.66,-4.383,8.281,1,706.8,656.2,-5.0,10.0,1,0.884,9.27,1.72,0.62,True,458.53
ds1_generic,pair_057,Set A,generic,717.24,382.1,4.999,10.216,1,716.2,382.8,5.0,10.25,1,0.9559,1.25,0.03,0.0,True,524.19
ds1_generic,pair_058,Set A,generic,691.68,330.04,-4.334,11.954,1,699.85,329.7,-4.0,11.25,1,0.8653,8.18,0.7,0.33,True,425.63
ds1_generic,pair_059,Set A,generic,540.28,743.24,1.733,11.842,1,538.7,743.3,1.5,11.75,1,0.9741,1.58,0.09,0.23,True,417.88
ds1_generic,pair_060,Set A,generic,702.82,299.64,-3.066,11.173,1,668.2,303.8,-3.5,10.0,1,0.9564,34.87,1.17,0.43,True,448.41
ds1_generic,pair_061,Set A,generic,398.93,607.09,-1.572,8.774,1,723.3,246.7,1.0,11.75,1,0.7586,484.87,2.98,2.57,False,495.8
ds1_generic,pair_062,Set A,generic,588.87,438.99,-4.104,10.77,1,559.2,428.8,0.0,10.25,1,0.9259,31.37,0.52,4.1,True,494.9
ds1_generic,pair_063,Set A,generic,622.52,540.95,3.253,11.095,1,684.3,919.7,1.5,8.0,1,0.9242,383.76,3.1,1.75,False,436.8
ds1_generic,pair_064,Set A,generic,641.24,743.64,-4.628,10.592,1,640.7,742.7,-4.0,10.75,1,0.9837,1.08,0.16,0.63,True,449.87
ds1_generic,pair_065,Set A,generic,639.8,747.7,1.522,11.036,1,688.3,751.3,1.0,9.75,1,0.9531,48.63,1.29,0.52,True,463.03
ds1_generic,pair_066,Set A,generic,656.16,508.0,4.612,11.781,1,660.3,511.15,-3.5,12.0,1,0.5933,5.2,0.22,8.11,True,433.64
ds1_generic,pair_067,Set A,generic,621.37,563.39,2.795,10.199,1,621.8,563.8,2.5,10.25,1,0.9969,0.59,0.05,0.29,True,509.48
ds1_generic,pair_068,Set A,generic,739.86,526.19,-3.273,10.299,1,739.2,516.8,-1.0,10.0,1,0.9587,9.41,0.3,2.27,True,487.68
ds1_generic,pair_069,Set A,generic,312.19,576.01,1.688,10.761,1,284.3,625.7,0.0,9.75,1,0.8847,56.98,1.01,1.69,True,494.81
ds1_generic,pair_070,Set A,generic,458.6,512.47,1.578,9.47,1,459.8,512.8,1.5,9.25,1,0.9012,1.24,0.22,0.08,True,529.59
ds1_generic,pair_071,Set B,generic,432.83,381.24,-3.046,11.53,1,419.7,358.7,-3.5,9.75,1,0.9947,26.09,1.78,0.45,False,526.36
ds1_generic,pair_072,Set B,generic,320.98,397.73,-4.165,11.873,1,663.8,624.8,-3.5,10.25,1,0.8355,411.2,1.62,0.67,False,530.94
ds1_generic,pair_073,Set B,generic,299.23,506.56,0.514,10.497,1,300.3,507.3,1.0,10.75,1,0.9483,1.3,0.25,0.49,True,511.58
ds1_generic,pair_074,Set B,generic,715.36,424.16,4.615,10.673,1,734.8,417.8,5.0,10.0,1,0.993,20.45,0.67,0.38,False,551.1
ds1_generic,pair_075,Set B,generic,689.36,457.63,1.487,10.29,1,0.0,0.0,0.0,0.0,0,0.3313,999.0,999.0,999.0,False,454.32
ds1_generic,pair_076,Set B,generic,385.33,459.05,-2.147,11.518,1,366.7,470.3,-3.5,10.75,1,0.6912,21.76,0.77,1.35,False,457.62
ds1_generic,pair_077,Set B,generic,538.51,678.12,-3.286,9.169,1,547.2,700.52,-2.5,10.0,1,0.9559,24.03,0.83,0.79,False,501.99
ds1_generic,pair_078,Set B,generic,738.77,319.23,-1.48,8.034,1,728.61,316.42,-1.0,10.0,1,0.9782,10.54,1.97,0.48,True,552.37
ds1_generic,pair_079,Set B,generic,449.3,515.83,3.522,11.823,1,444.11,518.8,3.5,10.25,1,0.9664,5.98,1.57,0.02,True,463.93
ds1_generic,pair_080,Set B,generic,522.21,662.45,1.591,8.399,1,518.76,635.2,1.0,10.0,1,0.9732,27.47,1.6,0.59,False,552.32
ds1_generic,pair_081,Set B,generic,661.75,686.42,2.919,11.642,1,694.26,724.3,2.5,9.75,1,0.9952,49.92,1.89,0.42,False,567.54
ds1_generic,pair_082,Set B,generic,737.85,509.33,0.73,8.56,1,0.0,0.0,0.0,0.0,0,0.382,999.0,999.0,999.0,False,510.35
ds1_generic,pair_083,Set B,generic,512.21,549.06,-3.965,11.912,1,507.7,541.7,5.0,12.0,1,0.6108,8.63,0.09,8.96,True,452.03
ds1_generic,pair_084,Set B,generic,608.27,299.6,-3.258,10.367,1,866.37,609.7,1.0,9.75,1,0.9172,403.46,0.62,4.26,False,559.06
ds1_generic,pair_085,Set B,generic,297.75,668.8,4.965,9.138,1,0.0,0.0,0.0,0.0,0,0.4891,999.0,999.0,999.0,False,537.63
ds1_generic,pair_086,Set B,generic,339.06,463.18,-0.253,10.984,1,355.06,468.08,0.0,12.0,1,0.7487,16.73,1.02,0.25,False,455.32
ds1_generic,pair_087,Set B,generic,328.34,623.89,1.644,11.43,1,304.2,642.8,-2.5,10.25,1,0.9499,30.66,1.18,4.14,False,585.21
ds1_generic,pair_088,Set B,generic,338.17,698.51,4.556,9.61,1,337.87,697.7,5.0,9.75,1,0.9865,0.86,0.14,0.44,True,544.42
ds1_generic,pair_089,Set B,generic,634.79,337.18,-2.908,8.907,1,656.7,325.3,-1.0,9.75,1,0.6482,24.92,0.84,1.91,False,582.27
ds1_generic,pair_090,Set B,generic,732.71,657.78,-0.819,8.093,1,699.2,634.2,-1.0,9.25,1,0.9315,40.97,1.16,0.18,False,661.29
ds1_generic,pair_091,Set B,generic,600.74,571.71,3.148,10.943,1,611.2,556.8,-1.5,10.25,1,0.9375,18.21,0.69,4.65,False,588.79
ds1_generic,pair_092,Set B,generic,528.61,563.2,2.5,8.447,1,523.8,552.8,2.5,10.25,1,0.9919,11.46,1.8,0.0,True,585.29
ds1_generic,pair_093,Set B,generic,667.2,714.74,-4.318,8.135,1,668.3,713.7,-4.0,8.25,1,0.8835,1.51,0.12,0.32,True,441.64
ds1_generic,pair_094,Set B,generic,566.88,415.67,-2.083,9.438,1,558.2,419.2,-1.0,10.0,1,0.9581,9.37,0.56,1.08,True,577.52
ds1_generic,pair_095,Set B,generic,411.14,343.31,1.593,8.715,1,404.8,344.2,3.5,8.75,1,0.7634,6.4,0.04,1.91,True,517.96
ds1_generic,pair_096,Set B,generic,673.93,521.24,0.013,8.773,1,687.8,500.2,3.5,9.25,1,0.7038,25.2,0.48,3.49,False,527.47
ds1_generic,pair_097,Set B,generic,279.78,252.7,3.592,8.0,1,279.86,251.7,3.5,8.0,1,0.9708,1.0,0.0,0.09,True,514.68
ds1_generic,pair_098,Set B,generic,455.78,275.8,-2.114,8.569,1,449.7,254.7,-3.5,8.0,1,0.911,21.96,0.57,1.39,False,469.18
ds1_generic,pair_099,Set B,generic,729.97,500.02,-3.049,11.003,1,751.2,500.2,-2.5,10.25,1,0.9282,21.23,0.75,0.55,False,512.69
ds1_generic,pair_100,Set B,generic,719.35,256.49,0.26,11.474,1,47.3,875.7,4.0,11.75,1,0.7891,913.82,0.28,3.74,False,479.53
ds1_generic,pair_101,Set B,generic,292.23,733.61,1.046,10.508,1,284.3,740.3,3.5,9.0,1,0.5821,10.38,1.51,2.45,True,464.52
ds1_generic,pair_102,Set B,generic,531.65,411.46,-3.141,10.691,1,527.2,393.8,1.0,10.25,1,0.9034,18.21,0.44,4.14,True,502.56
ds1_generic,pair_103,Set B,generic,278.58,587.9,1.852,11.006,1,303.3,578.3,0.0,12.0,1,0.6047,26.52,0.99,1.85,False,473.16
ds1_generic,pair_104,Set B,generic,675.35,516.27,-0.144,8.293,1,669.29,522.2,-1.0,10.0,1,0.5255,8.48,1.71,0.86,True,491.93
ds1_generic,pair_105,Set B,generic,564.36,306.41,-4.73,8.023,1,566.3,291.3,-4.0,8.0,1,0.7434,15.23,0.02,0.73,False,512.84
ds1_generic,pair_106,Set B,generic,288.02,484.2,3.953,9.741,1,59.7,710.7,3.5,8.25,1,0.7892,321.61,1.49,0.45,False,420.9
ds1_generic,pair_107,Set B,generic,371.17,668.72,0.137,11.721,1,0.0,0.0,0.0,0.0,0,0.4062,999.0,999.0,999.0,True,466.75
ds1_generic,pair_108,Set B,generic,343.69,742.94,2.368,9.721,1,825.8,603.47,0.0,10.0,1,0.9738,501.88,0.28,2.37,False,518.03
ds1_generic,pair_109,Set B,generic,681.24,353.08,1.428,9.353,1,670.8,361.2,1.5,10.0,1,0.9982,13.23,0.65,0.07,True,601.85
ds1_generic,pair_110,Set B,generic,319.63,441.68,2.694,8.558,1,0.0,0.0,0.0,0.0,0,0.3513,999.0,999.0,999.0,False,553.57
ds1_generic,pair_111,Set B,generic,574.94,620.16,-4.988,10.905,1,579.26,628.7,1.0,11.0,1,0.6927,9.57,0.1,5.99,True,468.3
ds1_generic,pair_112,Set B,generic,260.43,529.88,-0.027,8.905,1,0.0,0.0,0.0,0.0,0,0.4417,999.0,999.0,999.0,False,553.0
ds1_generic,pair_113,Set B,generic,577.1,372.96,1.022,9.383,1,554.8,524.8,1.0,10.0,1,0.9321,153.47,0.62,0.02,False,571.98
ds1_generic,pair_114,Set B,generic,628.5,291.44,-2.636,11.189,1,640.32,271.8,-2.5,10.25,1,0.9956,22.92,0.94,0.14,False,547.83
ds1_generic,pair_115,Set B,generic,251.16,697.67,4.168,11.09,1,282.3,702.3,2.5,11.0,1,0.7133,31.48,0.09,1.67,False,509.91
ds1_generic,pair_116,Set B,generic,709.9,397.64,0.655,9.531,1,708.81,409.21,0.0,9.0,1,0.8615,11.62,0.53,0.66,True,599.09
ds1_generic,pair_117,Set B,generic,442.1,528.21,-0.972,10.607,1,415.8,551.8,1.5,10.25,1,0.73,35.33,0.36,2.47,False,563.84
ds1_generic,pair_118,Set B,generic,266.5,483.39,4.71,11.09,1,243.8,482.8,5.0,10.25,1,0.9417,22.71,0.84,0.29,False,483.12
ds1_generic,pair_119,Set B,generic,668.0,340.06,0.067,8.866,1,652.83,355.3,0.0,9.75,1,0.9805,21.5,0.88,0.07,False,569.39
ds1_generic,pair_120,Set B,generic,256.44,503.03,-1.333,10.125,1,257.8,503.99,-1.5,10.25,1,0.9981,1.66,0.12,0.17,True,538.05
ds1_generic,pair_121,Set B,generic,434.52,256.52,4.306,10.107,1,0.0,0.0,0.0,0.0,0,0.4569,999.0,999.0,999.0,False,589.79
ds1_generic,pair_122,Set B,generic,487.95,669.01,-3.36,10.98,1,473.3,682.49,1.0,9.75,1,0.727,19.91,1.23,4.36,True,554.36
ds1_generic,pair_123,Set B,generic,513.04,258.69,1.35,9.183,1,516.3,220.76,1.5,8.0,1,0.949,38.07,1.18,0.15,False,516.87
ds1_generic,pair_124,Set B,generic,722.92,516.65,0.002,9.012,1,845.7,73.71,1.5,8.25,1,0.7972,459.64,0.76,1.5,False,516.44
ds1_generic,pair_125,Set B,generic,514.76,681.09,2.455,9.143,1,461.2,697.83,1.0,10.0,1,0.9726,56.12,0.86,1.46,False,586.84
ds1_generic,pair_126,Set B,generic,672.0,736.91,-2.504,9.868,1,659.7,720.3,-2.5,10.75,1,0.9372,20.67,0.88,0.0,False,546.76
ds1_generic,pair_127,Set B,generic,457.3,711.8,-2.078,11.136,1,450.7,681.73,-5.0,9.75,1,0.8826,30.79,1.39,2.92,False,525.96
ds1_generic,pair_128,Set B,generic,689.04,722.19,-0.968,11.653,1,128.3,215.96,-1.0,9.75,1,0.9443,755.45,1.9,0.03,False,459.17
ds1_generic,pair_129,Set B,generic,539.19,362.69,0.896,10.134,1,554.2,355.2,1.5,10.25,1,0.9575,16.77,0.12,0.6,False,610.65
ds1_generic,pair_130,Set B,generic,743.73,568.93,1.048,10.267,1,742.2,569.8,1.0,10.25,1,0.9962,1.76,0.02,0.05,True,539.01
ds1_generic,pair_131,Set B,generic,504.05,502.55,-1.757,8.22,1,465.7,522.3,0.0,9.75,1,0.9017,43.14,1.53,1.76,False,494.19
ds1_generic,pair_132,Set B,generic,669.82,417.41,-0.082,9.058,1,697.7,402.7,0.0,8.0,1,0.5883,31.52,1.06,0.08,False,553.81
ds1_generic,pair_133,Set B,generic,564.46,683.62,4.843,10.683,1,562.85,609.21,3.5,9.0,1,0.7443,74.43,1.68,1.34,False,498.94
ds1_generic,pair_134,Set B,generic,259.12,714.43,-4.184,9.733,1,262.3,699.7,0.0,9.75,1,0.8941,15.07,0.02,4.18,True,609.46
ds1_generic,pair_135,Set B,generic,604.94,280.45,-2.226,9.528,1,567.7,266.3,3.5,10.75,1,0.801,39.84,1.22,5.73,True,640.47
ds1_generic,pair_136,Set B,generic,606.86,636.83,-2.413,10.691,1,615.3,638.3,1.0,10.75,1,0.8378,8.57,0.06,3.41,True,518.85
ds1_generic,pair_137,Set B,generic,650.53,685.94,-2.976,10.419,1,621.7,726.91,1.0,9.0,1,0.9331,50.1,1.42,3.98,False,542.86
ds1_generic,pair_138,Set B,generic,341.45,596.05,4.293,9.965,1,310.36,618.2,4.0,10.25,1,0.9605,38.17,0.29,0.29,False,554.13
ds1_generic,pair_139,Set B,generic,535.19,747.59,-4.568,11.227,1,525.77,755.2,-1.5,8.75,1,0.7241,12.11,2.48,3.07,True,556.97
ds1_generic,pair_140,Set B,generic,414.96,422.81,-0.674,11.56,1,444.7,426.3,-1.0,9.75,1,0.8369,29.94,1.81,0.33,False,528.54
ds1_generic,pair_141,Set C,generic,0.0,0.0,0.0,0.0,0,633.7,325.3,1.5,9.75,1,0.8747,999.0,999.0,999.0,False,541.33
ds1_generic,pair_142,Set C,generic,0.0,0.0,0.0,0.0,0,0.0,0.0,0.0,0.0,0,0.4023,0.0,0.0,0.0,False,574.02
ds1_generic,pair_143,Set C,generic,0.0,0.0,0.0,0.0,0,335.7,295.37,0.0,10.75,1,0.8466,999.0,999.0,999.0,False,582.26
ds1_generic,pair_144,Set C,generic,0.0,0.0,0.0,0.0,0,0.0,0.0,0.0,0.0,0,0.4404,0.0,0.0,0.0,False,530.14
ds1_generic,pair_145,Set C,generic,0.0,0.0,0.0,0.0,0,470.2,313.2,1.0,9.25,1,0.8912,999.0,999.0,999.0,False,490.91
ds1_generic,pair_146,Set C,generic,0.0,0.0,0.0,0.0,0,903.3,291.3,-1.5,9.75,1,0.929,999.0,999.0,999.0,False,476.44
ds1_generic,pair_147,Set C,generic,0.0,0.0,0.0,0.0,0,72.3,638.3,-1.0,9.75,1,0.7644,999.0,999.0,999.0,False,454.8
ds1_generic,pair_148,Set C,generic,0.0,0.0,0.0,0.0,0,0.0,0.0,0.0,0.0,0,0.435,0.0,0.0,0.0,False,478.01
ds1_generic,pair_149,Set C,generic,0.0,0.0,0.0,0.0,0,0.0,0.0,0.0,0.0,0,0.2425,0.0,0.0,0.0,False,519.65
ds1_generic,pair_150,Set C,generic,0.0,0.0,0.0,0.0,0,788.8,457.8,0.0,10.0,1,0.5406,999.0,999.0,999.0,False,578.43
ds1_generic,pair_151,Set C,generic,0.0,0.0,0.0,0.0,0,692.7,500.7,2.5,8.0,1,0.6417,999.0,999.0,999.0,False,444.87
ds1_generic,pair_152,Set C,generic,0.0,0.0,0.0,0.0,0,842.2,558.7,-1.0,9.25,1,0.6814,999.0,999.0,999.0,False,483.45
ds1_generic,pair_153,Set C,generic,0.0,0.0,0.0,0.0,0,331.65,898.3,-1.5,12.0,1,0.7852,999.0,999.0,999.0,False,498.58
ds1_generic,pair_154,Set C,generic,0.0,0.0,0.0,0.0,0,728.3,417.3,0.0,8.0,1,0.743,999.0,999.0,999.0,False,496.02
ds1_generic,pair_155,Set C,generic,0.0,0.0,0.0,0.0,0,0.0,0.0,0.0,0.0,0,0.2535,0.0,0.0,0.0,False,497.98
ds1_generic,pair_156,Set C,generic,0.0,0.0,0.0,0.0,0,0.0,0.0,0.0,0.0,0,0.3694,0.0,0.0,0.0,False,446.3
ds1_generic,pair_157,Set C,generic,0.0,0.0,0.0,0.0,0,58.3,841.3,-1.0,9.0,1,0.8959,999.0,999.0,999.0,False,479.14
ds1_generic,pair_158,Set C,generic,0.0,0.0,0.0,0.0,0,871.7,719.84,-1.0,9.75,1,0.7054,999.0,999.0,999.0,False,499.76
ds1_generic,pair_159,Set C,generic,0.0,0.0,0.0,0.0,0,899.96,717.3,0.0,9.75,1,0.7029,999.0,999.0,999.0,False,483.41
ds1_generic,pair_160,Set C,generic,0.0,0.0,0.0,0.0,0,878.3,356.7,-1.0,10.75,1,0.7618,999.0,999.0,999.0,False,495.69
ds1_generic,pair_161,Set C,generic,0.0,0.0,0.0,0.0,0,679.73,255.2,-1.5,10.0,1,0.7717,999.0,999.0,999.0,False,535.97
ds1_generic,pair_162,Set C,generic,0.0,0.0,0.0,0.0,0,732.2,128.54,-1.0,10.25,1,0.9671,999.0,999.0,999.0,False,568.67
ds1_generic,pair_163,Set C,generic,0.0,0.0,0.0,0.0,0,321.2,483.8,1.5,10.0,1,0.6324,999.0,999.0,999.0,False,492.62
ds1_generic,pair_164,Set C,generic,0.0,0.0,0.0,0.0,0,882.3,730.7,0.0,8.25,1,0.6516,999.0,999.0,999.0,False,523.01
ds1_generic,pair_165,Set C,generic,0.0,0.0,0.0,0.0,0,305.95,209.2,1.5,10.25,1,0.7361,999.0,999.0,999.0,False,538.88
ds1_generic,pair_166,Set C,generic,0.0,0.0,0.0,0.0,0,172.8,829.2,0.0,10.0,1,0.9505,999.0,999.0,999.0,False,519.64
ds1_generic,pair_167,Set C,generic,0.0,0.0,0.0,0.0,0,594.7,589.78,1.0,9.75,1,0.9166,999.0,999.0,999.0,False,557.62
ds1_generic,pair_168,Set C,generic,0.0,0.0,0.0,0.0,0,723.75,805.18,0.0,9.75,1,0.9192,999.0,999.0,999.0,False,545.99
ds1_generic,pair_169,Set C,generic,0.0,0.0,0.0,0.0,0,784.7,919.3,-3.5,9.75,1,0.8417,999.0,999.0,999.0,False,528.55
ds1_generic,pair_170,Set C,generic,0.0,0.0,0.0,0.0,0,0.0,0.0,0.0,0.0,0,0.3916,0.0,0.0,0.0,False,467.32
ds1_generic,pair_171,Set C,generic,0.0,0.0,0.0,0.0,0,732.3,320.48,-1.0,9.75,1,0.8633,999.0,999.0,999.0,False,496.82
ds1_generic,pair_172,Set C,generic,0.0,0.0,0.0,0.0,0,162.7,221.3,0.0,9.75,1,0.9305,999.0,999.0,999.0,False,416.54
ds1_generic,pair_173,Set C,generic,0.0,0.0,0.0,0.0,0,814.8,476.17,0.0,10.0,1,0.9532,999.0,999.0,999.0,False,532.4
ds1_generic,pair_174,Set C,generic,0.0,0.0,0.0,0.0,0,0.0,0.0,0.0,0.0,0,0.2868,0.0,0.0,0.0,False,500.1
ds1_generic,pair_175,Set C,generic,0.0,0.0,0.0,0.0,0,366.8,120.2,1.5,10.0,1,0.8486,999.0,999.0,999.0,False,474.5
ds1_generic,pair_176,Set C,generic,0.0,0.0,0.0,0.0,0,205.2,618.55,0.0,10.0,1,0.8182,999.0,999.0,999.0,False,518.16
ds1_generic,pair_177,Set C,generic,0.0,0.0,0.0,0.0,0,679.3,425.7,0.0,9.75,1,0.8468,999.0,999.0,999.0,False,533.61
ds1_generic,pair_178,Set C,generic,0.0,0.0,0.0,0.0,0,744.78,736.8,1.0,10.0,1,0.9622,999.0,999.0,999.0,False,572.66
ds1_generic,pair_179,Set C,generic,0.0,0.0,0.0,0.0,0,763.7,411.3,-1.0,9.0,1,0.6094,999.0,999.0,999.0,False,563.6
ds1_generic,pair_180,Set C,generic,0.0,0.0,0.0,0.0,0,42.7,299.3,-4.0,11.75,1,0.8438,999.0,999.0,999.0,False,452.48
ds1_generic,pair_181,Set D,generic,604.09,533.69,3.929,9.001,1,591.8,529.8,5.0,10.0,1,0.9178,12.89,1.0,1.07,True,543.03
ds1_generic,pair_182,Set D,generic,373.09,520.41,1.558,8.404,1,372.7,521.3,1.5,8.25,1,0.9429,0.97,0.15,0.06,True,596.28
ds1_generic,pair_183,Set D,generic,418.77,379.87,4.12,11.734,1,0.0,0.0,0.0,0.0,0,0.4322,999.0,999.0,999.0,False,455.18
ds1_generic,pair_184,Set D,generic,252.08,733.91,-3.017,8.932,1,210.2,737.2,-1.5,10.0,1,0.9523,42.01,1.07,1.52,False,583.09
ds1_generic,pair_185,Set D,generic,536.65,500.22,1.723,11.026,1,540.2,480.45,1.0,10.0,1,0.7091,20.09,1.03,0.72,True,458.19
ds1_generic,pair_186,Set D,generic,602.43,406.71,3.167,8.792,1,596.2,413.8,3.5,10.25,1,0.9622,9.44,1.46,0.33,True,524.51
ds1_generic,pair_187,Set D,generic,738.34,372.13,3.219,11.285,1,750.07,376.7,-5.0,10.75,1,0.5463,12.59,0.54,8.22,True,415.89
ds1_generic,pair_188,Set D,generic,497.83,566.43,-2.528,8.993,1,542.2,566.8,3.5,8.75,1,0.9126,44.37,0.24,6.03,False,549.7
ds1_generic,pair_189,Set D,generic,337.37,488.01,3.788,11.388,1,335.7,487.7,2.5,11.25,1,0.6406,1.7,0.14,1.29,True,433.55
ds1_generic,pair_190,Set D,generic,393.57,645.53,3.698,11.33,1,399.3,625.68,2.5,9.75,1,0.891,20.66,1.58,1.2,False,479.01
ds1_generic,pair_191,Set D,generic,724.81,667.89,0.807,9.134,1,772.8,667.2,-1.0,10.0,1,0.8731,47.99,0.87,1.81,False,608.38
ds1_generic,pair_192,Set D,generic,566.63,378.37,-1.598,9.793,1,567.3,377.72,-1.5,9.75,1,0.9971,0.93,0.04,0.1,True,576.59
ds1_generic,pair_193,Set D,generic,295.77,364.03,-2.688,10.008,1,296.35,363.2,-2.5,10.0,1,0.9979,1.01,0.01,0.19,True,551.98
ds1_generic,pair_194,Set D,generic,579.11,679.91,-1.963,9.041,1,596.8,624.8,-1.0,10.25,1,0.8143,57.88,1.21,0.96,False,585.38
ds1_generic,pair_195,Set D,generic,293.82,622.08,-0.646,9.179,1,605.0,560.3,2.5,8.25,1,0.8321,317.25,0.93,3.15,True,649.45
ds1_generic,pair_196,Set D,generic,451.9,674.8,-3.884,11.168,1,59.7,213.7,-1.0,8.25,1,0.9629,605.34,2.92,2.88,False,483.37
ds1_generic,pair_197,Set D,generic,469.3,434.74,-3.799,11.201,1,0.0,0.0,0.0,0.0,0,0.2582,999.0,999.0,999.0,True,485.65
ds1_generic,pair_198,Set D,generic,389.57,583.11,-4.078,11.747,1,383.2,589.21,-4.0,10.0,1,0.8284,8.82,1.75,0.08,True,446.03
ds1_generic,pair_199,Set D,generic,607.6,449.86,-1.376,9.495,1,596.8,449.8,1.0,10.0,1,0.9744,10.8,0.51,2.38,True,611.47
ds1_generic,pair_200,Set D,generic,673.33,295.74,-3.681,10.062,1,672.2,296.8,-3.5,10.25,1,0.995,1.55,0.19,0.18,True,517.81
